sls filename,sls result,sls duration,cvc5 lia filename,cvc5 lia result,cvc5 lia duration,lia normaliz,lia normaliz result,lia normaliz duration,unfold5 filename,unfold5 result,unfold5 duration,no_interp filename,no_interp result,no_interp duration
bapa/arith/fol_0000001.smt2,sat,0.410186529,benchmarks/bapa/arith/cvc5_mapa/fol_0000001.smt2,sat,0.010293007,benchmarks/bapa/arith/cvc5_mapa/fol_0000001.smt2,sat,0.01134491,bapa/arith/fol_0000001.smt2,sat,0.457865,bapa/arith/fol_0000001.smt2,sat,0.338112116
bapa/arith/fol_0000002.smt2,sat,0.286105871,benchmarks/bapa/arith/cvc5_mapa/fol_0000002.smt2,sat,0.011740685,benchmarks/bapa/arith/cvc5_mapa/fol_0000002.smt2,sat,0.011458158,bapa/arith/fol_0000002.smt2,sat,0.471129656,bapa/arith/fol_0000002.smt2,sat,0.213597775
bapa/arith/fol_0000003.smt2,sat,0.307407379,benchmarks/bapa/arith/cvc5_mapa/fol_0000003.smt2,sat,0.012347221,benchmarks/bapa/arith/cvc5_mapa/fol_0000003.smt2,sat,0.010519505,bapa/arith/fol_0000003.smt2,sat,0.360048771,bapa/arith/fol_0000003.smt2,sat,0.203326464
bapa/arith/fol_0000004.smt2,sat,0.28412962,benchmarks/bapa/arith/cvc5_mapa/fol_0000004.smt2,sat,0.012315035,benchmarks/bapa/arith/cvc5_mapa/fol_0000004.smt2,sat,0.013613224,bapa/arith/fol_0000004.smt2,sat,0.369318962,bapa/arith/fol_0000004.smt2,sat,0.215063572
bapa/arith/fol_0000005.smt2,sat,0.295028687,benchmarks/bapa/arith/cvc5_mapa/fol_0000005.smt2,sat,0.014012098,benchmarks/bapa/arith/cvc5_mapa/fol_0000005.smt2,sat,0.012242556,bapa/arith/fol_0000005.smt2,sat,0.368660688,bapa/arith/fol_0000005.smt2,sat,0.201014996
bapa/arith/fol_0000006.smt2,sat,0.297081947,benchmarks/bapa/arith/cvc5_mapa/fol_0000006.smt2,sat,0.013868809,benchmarks/bapa/arith/cvc5_mapa/fol_0000006.smt2,sat,0.01300931,bapa/arith/fol_0000006.smt2,sat,0.345784903,bapa/arith/fol_0000006.smt2,sat,0.260608673
bapa/arith/fol_0000007.smt2,sat,0.292583466,benchmarks/bapa/arith/cvc5_mapa/fol_0000007.smt2,sat,0.012511015,benchmarks/bapa/arith/cvc5_mapa/fol_0000007.smt2,sat,0.01170826,bapa/arith/fol_0000007.smt2,sat,0.350270987,bapa/arith/fol_0000007.smt2,sat,0.206109047
bapa/arith/fol_0000008.smt2,sat,0.28817153,benchmarks/bapa/arith/cvc5_mapa/fol_0000008.smt2,sat,0.012430191,benchmarks/bapa/arith/cvc5_mapa/fol_0000008.smt2,sat,0.012104988,bapa/arith/fol_0000008.smt2,sat,0.324238777,bapa/arith/fol_0000008.smt2,sat,0.196211338
bapa/arith/fol_0000009.smt2,sat,0.301508904,benchmarks/bapa/arith/cvc5_mapa/fol_0000009.smt2,sat,0.011890411,benchmarks/bapa/arith/cvc5_mapa/fol_0000009.smt2,sat,0.011650801,bapa/arith/fol_0000009.smt2,sat,0.430284977,bapa/arith/fol_0000009.smt2,sat,0.192071438
bapa/arith/fol_0000010.smt2,sat,0.293764591,benchmarks/bapa/arith/cvc5_mapa/fol_0000010.smt2,sat,0.011268854,benchmarks/bapa/arith/cvc5_mapa/fol_0000010.smt2,sat,0.012900352,bapa/arith/fol_0000010.smt2,sat,0.325398445,bapa/arith/fol_0000010.smt2,sat,0.18494463
bapa/arith/fol_0000011.smt2,sat,0.303085089,benchmarks/bapa/arith/cvc5_mapa/fol_0000011.smt2,sat,0.012326002,benchmarks/bapa/arith/cvc5_mapa/fol_0000011.smt2,sat,0.012928486,bapa/arith/fol_0000011.smt2,sat,0.419392109,bapa/arith/fol_0000011.smt2,sat,0.245181561
bapa/arith/fol_0000012.smt2,sat,0.304507494,benchmarks/bapa/arith/cvc5_mapa/fol_0000012.smt2,sat,0.011671305,benchmarks/bapa/arith/cvc5_mapa/fol_0000012.smt2,sat,0.013015985,bapa/arith/fol_0000012.smt2,sat,0.332963943,bapa/arith/fol_0000012.smt2,sat,0.198241472
bapa/arith/fol_0000013.smt2,sat,0.306045055,benchmarks/bapa/arith/cvc5_mapa/fol_0000013.smt2,sat,0.011610031,benchmarks/bapa/arith/cvc5_mapa/fol_0000013.smt2,sat,0.016033173,bapa/arith/fol_0000013.smt2,sat,0.327110291,bapa/arith/fol_0000013.smt2,sat,0.189207077
bapa/arith/fol_0000014.smt2,sat,0.320058823,benchmarks/bapa/arith/cvc5_mapa/fol_0000014.smt2,sat,0.011347771,benchmarks/bapa/arith/cvc5_mapa/fol_0000014.smt2,sat,0.014628887,bapa/arith/fol_0000014.smt2,sat,0.317950249,bapa/arith/fol_0000014.smt2,sat,0.190530062
bapa/arith/fol_0000015.smt2,sat,0.303849936,benchmarks/bapa/arith/cvc5_mapa/fol_0000015.smt2,sat,0.012412071,benchmarks/bapa/arith/cvc5_mapa/fol_0000015.smt2,sat,0.01398778,bapa/arith/fol_0000015.smt2,sat,0.429214716,bapa/arith/fol_0000015.smt2,sat,0.196652174
bapa/arith/fol_0000016.smt2,sat,0.341473579,benchmarks/bapa/arith/cvc5_mapa/fol_0000016.smt2,sat,0.012585878,benchmarks/bapa/arith/cvc5_mapa/fol_0000016.smt2,sat,0.011361361,bapa/arith/fol_0000016.smt2,sat,0.355923414,bapa/arith/fol_0000016.smt2,sat,0.187465906
bapa/arith/fol_0000017.smt2,sat,0.32170105,benchmarks/bapa/arith/cvc5_mapa/fol_0000017.smt2,sat,0.012321234,benchmarks/bapa/arith/cvc5_mapa/fol_0000017.smt2,sat,0.012937546,bapa/arith/fol_0000017.smt2,sat,0.465379715,bapa/arith/fol_0000017.smt2,sat,0.192190647
bapa/arith/fol_0000018.smt2,sat,0.2964499,benchmarks/bapa/arith/cvc5_mapa/fol_0000018.smt2,sat,0.01206708,benchmarks/bapa/arith/cvc5_mapa/fol_0000018.smt2,sat,0.012920856,bapa/arith/fol_0000018.smt2,sat,0.354468107,bapa/arith/fol_0000018.smt2,sat,0.191995382
bapa/arith/fol_0000019.smt2,sat,0.31636405,benchmarks/bapa/arith/cvc5_mapa/fol_0000019.smt2,sat,0.015625477,benchmarks/bapa/arith/cvc5_mapa/fol_0000019.smt2,sat,0.015548944,bapa/arith/fol_0000019.smt2,sat,0.482403278,bapa/arith/fol_0000019.smt2,sat,0.197681904
bapa/arith/fol_0000020.smt2,sat,0.306529522,benchmarks/bapa/arith/cvc5_mapa/fol_0000020.smt2,sat,0.01298213,benchmarks/bapa/arith/cvc5_mapa/fol_0000020.smt2,sat,0.013236761,bapa/arith/fol_0000020.smt2,sat,0.359628201,bapa/arith/fol_0000020.smt2,sat,0.196414471
bapa/arith/fol_0000021.smt2,unsat,0.166874647,benchmarks/bapa/arith/cvc5_mapa/fol_0000021.smt2,unsat,0.010868788,benchmarks/bapa/arith/cvc5_mapa/fol_0000021.smt2,unsat,0.010678053,bapa/arith/fol_0000021.smt2,unsat,0.171089172,bapa/arith/fol_0000021.smt2,unsat,0.340543747
bapa/arith/fol_0000022.smt2,sat,0.28779006,benchmarks/bapa/arith/cvc5_mapa/fol_0000022.smt2,sat,0.012656212,benchmarks/bapa/arith/cvc5_mapa/fol_0000022.smt2,sat,0.012260199,bapa/arith/fol_0000022.smt2,sat,0.479726791,bapa/arith/fol_0000022.smt2,sat,0.260668993
bapa/arith/fol_0000023.smt2,unsat,0.158237934,benchmarks/bapa/arith/cvc5_mapa/fol_0000023.smt2,unsat,0.010987282,benchmarks/bapa/arith/cvc5_mapa/fol_0000023.smt2,unsat,0.012336731,bapa/arith/fol_0000023.smt2,unsat,0.179064751,bapa/arith/fol_0000023.smt2,unsat,0.367945671
bapa/arith/fol_0000024.smt2,sat,0.317140102,benchmarks/bapa/arith/cvc5_mapa/fol_0000024.smt2,sat,0.01714325,benchmarks/bapa/arith/cvc5_mapa/fol_0000024.smt2,sat,0.018928766,bapa/arith/fol_0000024.smt2,timeout,103.1955211,bapa/arith/fol_0000024.smt2,sat,0.219021082
bapa/arith/fol_0000025.smt2,sat,0.289137602,benchmarks/bapa/arith/cvc5_mapa/fol_0000025.smt2,sat,0.012379646,benchmarks/bapa/arith/cvc5_mapa/fol_0000025.smt2,sat,0.012298822,bapa/arith/fol_0000025.smt2,sat,0.327454567,bapa/arith/fol_0000025.smt2,sat,0.202879906
bapa/arith/fol_0000026.smt2,sat,0.402628183,benchmarks/bapa/arith/cvc5_mapa/fol_0000026.smt2,sat,0.012441635,benchmarks/bapa/arith/cvc5_mapa/fol_0000026.smt2,sat,0.012018442,bapa/arith/fol_0000026.smt2,sat,0.428715467,bapa/arith/fol_0000026.smt2,sat,0.212571144
bapa/arith/fol_0000027.smt2,sat,0.29758811,benchmarks/bapa/arith/cvc5_mapa/fol_0000027.smt2,sat,0.01128149,benchmarks/bapa/arith/cvc5_mapa/fol_0000027.smt2,sat,0.012085915,bapa/arith/fol_0000027.smt2,sat,0.339987278,bapa/arith/fol_0000027.smt2,sat,0.203719616
bapa/arith/fol_0000028.smt2,unsat,0.433839321,benchmarks/bapa/arith/cvc5_mapa/fol_0000028.smt2,unsat,0.03825736,benchmarks/bapa/arith/cvc5_mapa/fol_0000028.smt2,unsat,0.034576416,bapa/arith/fol_0000028.smt2,unsat,0.217752218,bapa/arith/fol_0000028.smt2,unsat,0.350995779
bapa/arith/fol_0000029.smt2,sat,0.221711397,benchmarks/bapa/arith/cvc5_mapa/fol_0000029.smt2,sat,0.018465757,benchmarks/bapa/arith/cvc5_mapa/fol_0000029.smt2,sat,0.019520044,bapa/arith/fol_0000029.smt2,sat,0.405561209,bapa/arith/fol_0000029.smt2,sat,0.277507544
bapa/arith/fol_0000030.smt2,unsat,0.153227568,benchmarks/bapa/arith/cvc5_mapa/fol_0000030.smt2,unsat,0.010426521,benchmarks/bapa/arith/cvc5_mapa/fol_0000030.smt2,unsat,0.010258198,bapa/arith/fol_0000030.smt2,unsat,0.170825005,bapa/arith/fol_0000030.smt2,unsat,0.35166502
bapa/arith/fol_0000031.smt2,sat,0.29910326,benchmarks/bapa/arith/cvc5_mapa/fol_0000031.smt2,sat,0.010781527,benchmarks/bapa/arith/cvc5_mapa/fol_0000031.smt2,sat,0.012818336,bapa/arith/fol_0000031.smt2,sat,0.361584425,bapa/arith/fol_0000031.smt2,sat,0.213577509
bapa/arith/fol_0000032.smt2,unsat,0.156048059,benchmarks/bapa/arith/cvc5_mapa/fol_0000032.smt2,unsat,0.010917425,benchmarks/bapa/arith/cvc5_mapa/fol_0000032.smt2,unsat,0.010745287,bapa/arith/fol_0000032.smt2,unsat,0.173403025,bapa/arith/fol_0000032.smt2,unsat,0.362262964
bapa/arith/fol_0000033.smt2,sat,0.295488834,benchmarks/bapa/arith/cvc5_mapa/fol_0000033.smt2,sat,0.013753653,benchmarks/bapa/arith/cvc5_mapa/fol_0000033.smt2,sat,0.012261391,bapa/arith/fol_0000033.smt2,sat,0.368618488,bapa/arith/fol_0000033.smt2,sat,0.213076591
bapa/arith/fol_0000034.smt2,unsat,0.150892019,benchmarks/bapa/arith/cvc5_mapa/fol_0000034.smt2,unsat,0.010674477,benchmarks/bapa/arith/cvc5_mapa/fol_0000034.smt2,unsat,0.01102376,bapa/arith/fol_0000034.smt2,unsat,0.172229052,bapa/arith/fol_0000034.smt2,unsat,0.362877369
bapa/arith/fol_0000035.smt2,sat,0.300153255,benchmarks/bapa/arith/cvc5_mapa/fol_0000035.smt2,sat,0.012748718,benchmarks/bapa/arith/cvc5_mapa/fol_0000035.smt2,sat,0.012033463,bapa/arith/fol_0000035.smt2,sat,0.380515814,bapa/arith/fol_0000035.smt2,sat,0.222549915
bapa/arith/fol_0000036.smt2,sat,0.285773754,benchmarks/bapa/arith/cvc5_mapa/fol_0000036.smt2,sat,0.011905909,benchmarks/bapa/arith/cvc5_mapa/fol_0000036.smt2,sat,0.01118207,bapa/arith/fol_0000036.smt2,sat,0.341792822,bapa/arith/fol_0000036.smt2,sat,0.206335068
bapa/arith/fol_0000037.smt2,sat,0.293341637,benchmarks/bapa/arith/cvc5_mapa/fol_0000037.smt2,sat,0.012559175,benchmarks/bapa/arith/cvc5_mapa/fol_0000037.smt2,sat,0.01233077,bapa/arith/fol_0000037.smt2,sat,0.35462904,bapa/arith/fol_0000037.smt2,sat,0.213215351
bapa/arith/fol_0000038.smt2,unsat,0.168230534,benchmarks/bapa/arith/cvc5_mapa/fol_0000038.smt2,unsat,0.009615898,benchmarks/bapa/arith/cvc5_mapa/fol_0000038.smt2,unsat,0.0109272,bapa/arith/fol_0000038.smt2,unsat,0.173708916,bapa/arith/fol_0000038.smt2,unsat,0.360578775
bapa/arith/fol_0000039.smt2,sat,0.287956715,benchmarks/bapa/arith/cvc5_mapa/fol_0000039.smt2,sat,0.012709141,benchmarks/bapa/arith/cvc5_mapa/fol_0000039.smt2,sat,0.012046099,bapa/arith/fol_0000039.smt2,sat,0.348492384,bapa/arith/fol_0000039.smt2,sat,0.210078001
bapa/arith/fol_0000040.smt2,unsat,0.155636787,benchmarks/bapa/arith/cvc5_mapa/fol_0000040.smt2,unsat,0.011268854,benchmarks/bapa/arith/cvc5_mapa/fol_0000040.smt2,unsat,0.010897875,bapa/arith/fol_0000040.smt2,unsat,0.178357363,bapa/arith/fol_0000040.smt2,unsat,0.364012957
bapa/arith/fol_0000041.smt2,sat,0.294837236,benchmarks/bapa/arith/cvc5_mapa/fol_0000041.smt2,sat,0.012781382,benchmarks/bapa/arith/cvc5_mapa/fol_0000041.smt2,sat,0.013046741,bapa/arith/fol_0000041.smt2,sat,0.369732618,bapa/arith/fol_0000041.smt2,sat,0.201135635
bapa/arith/fol_0000042.smt2,sat,0.299346685,benchmarks/bapa/arith/cvc5_mapa/fol_0000042.smt2,sat,0.010330439,benchmarks/bapa/arith/cvc5_mapa/fol_0000042.smt2,sat,0.011210203,bapa/arith/fol_0000042.smt2,sat,0.343509674,bapa/arith/fol_0000042.smt2,sat,0.189599276
bapa/arith/fol_0000043.smt2,sat,0.214483738,benchmarks/bapa/arith/cvc5_mapa/fol_0000043.smt2,sat,0.013598919,benchmarks/bapa/arith/cvc5_mapa/fol_0000043.smt2,sat,0.014955282,bapa/arith/fol_0000043.smt2,sat,0.283108234,bapa/arith/fol_0000043.smt2,sat,0.231384754
bapa/arith/fol_0000044.smt2,sat,0.301258087,benchmarks/bapa/arith/cvc5_mapa/fol_0000044.smt2,sat,0.011958599,benchmarks/bapa/arith/cvc5_mapa/fol_0000044.smt2,sat,0.012628794,bapa/arith/fol_0000044.smt2,sat,0.356312037,bapa/arith/fol_0000044.smt2,sat,0.195414305
bapa/arith/fol_0000045.smt2,unsat,4.047235489,benchmarks/bapa/arith/cvc5_mapa/fol_0000045.smt2,unsat,0.038336515,benchmarks/bapa/arith/cvc5_mapa/fol_0000045.smt2,unsat,0.035326958,bapa/arith/fol_0000045.smt2,unsat,0.238358021,bapa/arith/fol_0000045.smt2,unsat,0.330383778
bapa/arith/fol_0000046.smt2,sat,0.241448164,benchmarks/bapa/arith/cvc5_mapa/fol_0000046.smt2,sat,0.01864624,benchmarks/bapa/arith/cvc5_mapa/fol_0000046.smt2,sat,0.01993227,bapa/arith/fol_0000046.smt2,sat,0.284361124,bapa/arith/fol_0000046.smt2,sat,0.247641802
bapa/arith/fol_0000047.smt2,unsat,0.476460934,benchmarks/bapa/arith/cvc5_mapa/fol_0000047.smt2,unsat,0.040106297,benchmarks/bapa/arith/cvc5_mapa/fol_0000047.smt2,unsat,0.034976959,bapa/arith/fol_0000047.smt2,unsat,0.248365641,bapa/arith/fol_0000047.smt2,unsat,0.347085238
bapa/arith/fol_0000048.smt2,sat,0.421058893,benchmarks/bapa/arith/cvc5_mapa/fol_0000048.smt2,sat,0.019812107,benchmarks/bapa/arith/cvc5_mapa/fol_0000048.smt2,sat,0.021236897,bapa/arith/fol_0000048.smt2,sat,0.408489227,bapa/arith/fol_0000048.smt2,sat,0.254879475
bapa/arith/fol_0000049.smt2,sat,0.439365864,benchmarks/bapa/arith/cvc5_mapa/fol_0000049.smt2,sat,0.022224426,benchmarks/bapa/arith/cvc5_mapa/fol_0000049.smt2,sat,0.022798061,bapa/arith/fol_0000049.smt2,sat,0.215709686,bapa/arith/fol_0000049.smt2,sat,0.267008781
bapa/arith/fol_0000050.smt2,sat,0.137499094,benchmarks/bapa/arith/cvc5_mapa/fol_0000050.smt2,sat,0.017246723,benchmarks/bapa/arith/cvc5_mapa/fol_0000050.smt2,sat,0.016987324,bapa/arith/fol_0000050.smt2,sat,0.13468647,bapa/arith/fol_0000050.smt2,sat,0.130121231
bapa/arith/fol_0000051.smt2,sat,0.312210321,benchmarks/bapa/arith/cvc5_mapa/fol_0000051.smt2,sat,0.01616931,benchmarks/bapa/arith/cvc5_mapa/fol_0000051.smt2,sat,0.015257359,bapa/arith/fol_0000051.smt2,sat,0.487495899,bapa/arith/fol_0000051.smt2,sat,0.258080721
bapa/arith/fol_0000052.smt2,sat,0.187070131,benchmarks/bapa/arith/cvc5_mapa/fol_0000052.smt2,sat,0.020399094,benchmarks/bapa/arith/cvc5_mapa/fol_0000052.smt2,sat,0.02132988,bapa/arith/fol_0000052.smt2,sat,0.399971247,bapa/arith/fol_0000052.smt2,sat,0.260539293
bapa/arith/fol_0000053.smt2,sat,0.393288612,benchmarks/bapa/arith/cvc5_mapa/fol_0000053.smt2,sat,0.020820856,benchmarks/bapa/arith/cvc5_mapa/fol_0000053.smt2,sat,0.020979404,bapa/arith/fol_0000053.smt2,sat,0.409871578,bapa/arith/fol_0000053.smt2,sat,0.29468441
bapa/arith/fol_0000054.smt2,sat,0.4038167,benchmarks/bapa/arith/cvc5_mapa/fol_0000054.smt2,sat,0.019674063,benchmarks/bapa/arith/cvc5_mapa/fol_0000054.smt2,sat,0.020825624,bapa/arith/fol_0000054.smt2,sat,0.509564161,bapa/arith/fol_0000054.smt2,sat,0.276138067
bapa/arith/fol_0000055.smt2,unsat,0.163058996,benchmarks/bapa/arith/cvc5_mapa/fol_0000055.smt2,unsat,0.012516737,benchmarks/bapa/arith/cvc5_mapa/fol_0000055.smt2,unsat,0.01176548,bapa/arith/fol_0000055.smt2,unsat,0.179372787,bapa/arith/fol_0000055.smt2,unsat,0.372318506
bapa/arith/fol_0000056.smt2,sat,0.433022261,benchmarks/bapa/arith/cvc5_mapa/fol_0000056.smt2,sat,0.015625954,benchmarks/bapa/arith/cvc5_mapa/fol_0000056.smt2,sat,0.013240814,bapa/arith/fol_0000056.smt2,sat,0.483642817,bapa/arith/fol_0000056.smt2,sat,0.225832462
bapa/arith/fol_0000057.smt2,sat,0.223283052,benchmarks/bapa/arith/cvc5_mapa/fol_0000057.smt2,sat,0.015070677,benchmarks/bapa/arith/cvc5_mapa/fol_0000057.smt2,sat,0.013728619,bapa/arith/fol_0000057.smt2,sat,0.405747175,bapa/arith/fol_0000057.smt2,sat,0.262144804
bapa/arith/fol_0000058.smt2,unsat,0.444403887,benchmarks/bapa/arith/cvc5_mapa/fol_0000058.smt2,unsat,0.042109013,benchmarks/bapa/arith/cvc5_mapa/fol_0000058.smt2,unsat,0.031905413,bapa/arith/fol_0000058.smt2,unsat,0.225355625,bapa/arith/fol_0000058.smt2,unsat,0.351138353
bapa/arith/fol_0000059.smt2,unsat,0.143143177,benchmarks/bapa/arith/cvc5_mapa/fol_0000059.smt2,unsat,0.011226177,benchmarks/bapa/arith/cvc5_mapa/fol_0000059.smt2,unsat,0.010723114,bapa/arith/fol_0000059.smt2,unsat,0.173844337,bapa/arith/fol_0000059.smt2,unsat,0.357889652
bapa/arith/fol_0000060.smt2,unsat,0.353300333,benchmarks/bapa/arith/cvc5_mapa/fol_0000060.smt2,unsat,0.038882017,benchmarks/bapa/arith/cvc5_mapa/fol_0000060.smt2,unsat,0.031084776,bapa/arith/fol_0000060.smt2,unsat,0.247834682,bapa/arith/fol_0000060.smt2,unsat,1.455713987
bapa/arith/fol_0000061.smt2,unsat,2.110609055,benchmarks/bapa/arith/cvc5_mapa/fol_0000061.smt2,unsat,0.036804199,benchmarks/bapa/arith/cvc5_mapa/fol_0000061.smt2,unsat,0.031694651,bapa/arith/fol_0000061.smt2,unsat,1.244450092,bapa/arith/fol_0000061.smt2,unsat,0.356975317
bapa/arith/fol_0000062.smt2,sat,0.239600658,benchmarks/bapa/arith/cvc5_mapa/fol_0000062.smt2,sat,0.017837048,benchmarks/bapa/arith/cvc5_mapa/fol_0000062.smt2,sat,0.017616034,bapa/arith/fol_0000062.smt2,sat,0.413488865,bapa/arith/fol_0000062.smt2,sat,0.268732548
bapa/arith/fol_0000063.smt2,unsat,0.477570295,benchmarks/bapa/arith/cvc5_mapa/fol_0000063.smt2,unsat,0.035986185,benchmarks/bapa/arith/cvc5_mapa/fol_0000063.smt2,unsat,0.032127857,bapa/arith/fol_0000063.smt2,unsat,0.248849869,bapa/arith/fol_0000063.smt2,unsat,0.354581356
bapa/arith/fol_0000064.smt2,unsat,0.153853655,benchmarks/bapa/arith/cvc5_mapa/fol_0000064.smt2,unsat,0.01117897,benchmarks/bapa/arith/cvc5_mapa/fol_0000064.smt2,unsat,0.009321928,bapa/arith/fol_0000064.smt2,unsat,0.169940472,bapa/arith/fol_0000064.smt2,unsat,0.373728037
bapa/arith/fol_0000065.smt2,unsat,0.474838018,benchmarks/bapa/arith/cvc5_mapa/fol_0000065.smt2,unsat,0.039857388,benchmarks/bapa/arith/cvc5_mapa/fol_0000065.smt2,unsat,0.032881021,bapa/arith/fol_0000065.smt2,unsat,0.252476931,bapa/arith/fol_0000065.smt2,unsat,0.362120867
bapa/arith/fol_0000066.smt2,unsat,0.484545708,benchmarks/bapa/arith/cvc5_mapa/fol_0000066.smt2,unsat,0.043352604,benchmarks/bapa/arith/cvc5_mapa/fol_0000066.smt2,unsat,0.033516407,bapa/arith/fol_0000066.smt2,unsat,0.256553173,bapa/arith/fol_0000066.smt2,unsat,0.373402357
bapa/arith/fol_0000067.smt2,unsat,0.48368907,benchmarks/bapa/arith/cvc5_mapa/fol_0000067.smt2,unsat,0.038386583,benchmarks/bapa/arith/cvc5_mapa/fol_0000067.smt2,unsat,0.03471446,bapa/arith/fol_0000067.smt2,unsat,0.267602921,bapa/arith/fol_0000067.smt2,unsat,0.351698875
bapa/arith/fol_0000068.smt2,unsat,0.483359098,benchmarks/bapa/arith/cvc5_mapa/fol_0000068.smt2,unsat,0.791043758,benchmarks/bapa/arith/cvc5_mapa/fol_0000068.smt2,unsat,0.032741308,bapa/arith/fol_0000068.smt2,unsat,0.275084496,bapa/arith/fol_0000068.smt2,unsat,0.345197916
bapa/arith/fol_0000069.smt2,sat,0.249996901,benchmarks/bapa/arith/cvc5_mapa/fol_0000069.smt2,sat,0.015855074,benchmarks/bapa/arith/cvc5_mapa/fol_0000069.smt2,sat,0.015151978,bapa/arith/fol_0000069.smt2,sat,0.426779509,bapa/arith/fol_0000069.smt2,sat,0.257504225
bapa/arith/fol_0000070.smt2,unsat,0.311168671,benchmarks/bapa/arith/cvc5_mapa/fol_0000070.smt2,unsat,0.038924456,benchmarks/bapa/arith/cvc5_mapa/fol_0000070.smt2,unsat,0.033031464,bapa/arith/fol_0000070.smt2,unsat,0.248373508,bapa/arith/fol_0000070.smt2,unsat,0.341373444
bapa/arith/fol_0000071.smt2,sat,0.186611652,benchmarks/bapa/arith/cvc5_mapa/fol_0000071.smt2,sat,0.015651464,benchmarks/bapa/arith/cvc5_mapa/fol_0000071.smt2,sat,0.015672922,bapa/arith/fol_0000071.smt2,sat,0.223757267,bapa/arith/fol_0000071.smt2,sat,0.255224705
bapa/arith/fol_0000072.smt2,sat,0.412837029,benchmarks/bapa/arith/cvc5_mapa/fol_0000072.smt2,sat,0.019203901,benchmarks/bapa/arith/cvc5_mapa/fol_0000072.smt2,sat,0.01830554,bapa/arith/fol_0000072.smt2,sat,0.207040548,bapa/arith/fol_0000072.smt2,sat,0.254736423
bapa/arith/fol_0000073.smt2,sat,0.142560244,benchmarks/bapa/arith/cvc5_mapa/fol_0000073.smt2,sat,0.016374826,benchmarks/bapa/arith/cvc5_mapa/fol_0000073.smt2,sat,0.016121149,bapa/arith/fol_0000073.smt2,sat,0.12955761,bapa/arith/fol_0000073.smt2,sat,0.130492926
bapa/arith/fol_0000074.smt2,sat,0.316891432,benchmarks/bapa/arith/cvc5_mapa/fol_0000074.smt2,sat,0.023632526,benchmarks/bapa/arith/cvc5_mapa/fol_0000074.smt2,sat,0.023392677,bapa/arith/fol_0000074.smt2,sat,0.209335327,bapa/arith/fol_0000074.smt2,sat,0.261556625
bapa/arith/fol_0000075.smt2,sat,0.174988985,benchmarks/bapa/arith/cvc5_mapa/fol_0000075.smt2,sat,0.017077208,benchmarks/bapa/arith/cvc5_mapa/fol_0000075.smt2,sat,0.018686771,bapa/arith/fol_0000075.smt2,sat,0.200711966,bapa/arith/fol_0000075.smt2,sat,0.244477749
bapa/arith/fol_0000076.smt2,sat,0.439435244,benchmarks/bapa/arith/cvc5_mapa/fol_0000076.smt2,sat,0.021989107,benchmarks/bapa/arith/cvc5_mapa/fol_0000076.smt2,sat,0.020504951,bapa/arith/fol_0000076.smt2,sat,0.515174389,bapa/arith/fol_0000076.smt2,sat,0.2555089
bapa/arith/fol_0000077.smt2,sat,0.186956167,benchmarks/bapa/arith/cvc5_mapa/fol_0000077.smt2,sat,0.018845797,benchmarks/bapa/arith/cvc5_mapa/fol_0000077.smt2,sat,0.018752575,bapa/arith/fol_0000077.smt2,sat,0.510673523,bapa/arith/fol_0000077.smt2,sat,0.256411314
bapa/arith/fol_0000078.smt2,unsat,0.175148964,benchmarks/bapa/arith/cvc5_mapa/fol_0000078.smt2,unsat,0.013098001,benchmarks/bapa/arith/cvc5_mapa/fol_0000078.smt2,unsat,0.01265955,bapa/arith/fol_0000078.smt2,unsat,0.172477722,bapa/arith/fol_0000078.smt2,unsat,0.35319066
bapa/arith/fol_0000079.smt2,sat,0.329206467,benchmarks/bapa/arith/cvc5_mapa/fol_0000079.smt2,sat,0.020214796,benchmarks/bapa/arith/cvc5_mapa/fol_0000079.smt2,sat,0.018641949,bapa/arith/fol_0000079.smt2,sat,0.461680412,bapa/arith/fol_0000079.smt2,sat,0.213158369
bapa/arith/fol_0000080.smt2,sat,0.320973396,benchmarks/bapa/arith/cvc5_mapa/fol_0000080.smt2,sat,0.015240908,benchmarks/bapa/arith/cvc5_mapa/fol_0000080.smt2,sat,0.014140368,bapa/arith/fol_0000080.smt2,sat,0.454772234,bapa/arith/fol_0000080.smt2,sat,0.199730396
bapa/arith/fol_0000081.smt2,unsat,0.153393507,benchmarks/bapa/arith/cvc5_mapa/fol_0000081.smt2,unsat,0.011086226,benchmarks/bapa/arith/cvc5_mapa/fol_0000081.smt2,unsat,0.009482861,bapa/arith/fol_0000081.smt2,unsat,0.166666508,bapa/arith/fol_0000081.smt2,unsat,0.369959116
bapa/arith/fol_0000082.smt2,sat,0.325311899,benchmarks/bapa/arith/cvc5_mapa/fol_0000082.smt2,sat,0.014525652,benchmarks/bapa/arith/cvc5_mapa/fol_0000082.smt2,sat,0.014642,bapa/arith/fol_0000082.smt2,sat,0.477213621,bapa/arith/fol_0000082.smt2,sat,0.220457554
bapa/arith/fol_0000083.smt2,unsat,0.168785572,benchmarks/bapa/arith/cvc5_mapa/fol_0000083.smt2,unsat,0.010178566,benchmarks/bapa/arith/cvc5_mapa/fol_0000083.smt2,unsat,0.012191534,bapa/arith/fol_0000083.smt2,unsat,0.173211098,bapa/arith/fol_0000083.smt2,unsat,0.358680964
bapa/arith/fol_0000084.smt2,sat,0.234989405,benchmarks/bapa/arith/cvc5_mapa/fol_0000084.smt2,sat,0.014402866,benchmarks/bapa/arith/cvc5_mapa/fol_0000084.smt2,sat,0.014785767,bapa/arith/fol_0000084.smt2,sat,0.532892466,bapa/arith/fol_0000084.smt2,sat,0.275095701
bapa/arith/fol_0000085.smt2,unsat,0.437607765,benchmarks/bapa/arith/cvc5_mapa/fol_0000085.smt2,unsat,0.038770199,benchmarks/bapa/arith/cvc5_mapa/fol_0000085.smt2,unsat,0.034096718,bapa/arith/fol_0000085.smt2,unsat,0.267027855,bapa/arith/fol_0000085.smt2,unsat,0.360447168
bapa/arith/fol_0000086.smt2,unsat,0.461601496,benchmarks/bapa/arith/cvc5_mapa/fol_0000086.smt2,unsat,0.037492514,benchmarks/bapa/arith/cvc5_mapa/fol_0000086.smt2,unsat,0.032221794,bapa/arith/fol_0000086.smt2,unsat,0.263114929,bapa/arith/fol_0000086.smt2,unsat,0.292155981
bapa/arith/fol_0000087.smt2,unsat,0.16346097,benchmarks/bapa/arith/cvc5_mapa/fol_0000087.smt2,unsat,0.011476994,benchmarks/bapa/arith/cvc5_mapa/fol_0000087.smt2,unsat,0.010953188,bapa/arith/fol_0000087.smt2,unsat,0.180243254,bapa/arith/fol_0000087.smt2,unsat,0.367132187
bapa/arith/fol_0000088.smt2,unsat,0.272383213,benchmarks/bapa/arith/cvc5_mapa/fol_0000088.smt2,unsat,0.037819386,benchmarks/bapa/arith/cvc5_mapa/fol_0000088.smt2,unsat,0.033119678,bapa/arith/fol_0000088.smt2,unsat,0.269330978,bapa/arith/fol_0000088.smt2,unsat,0.359256029
bapa/arith/fol_0000089.smt2,unsat,0.28525877,benchmarks/bapa/arith/cvc5_mapa/fol_0000089.smt2,unsat,0.039062977,benchmarks/bapa/arith/cvc5_mapa/fol_0000089.smt2,unsat,0.034294605,bapa/arith/fol_0000089.smt2,unsat,0.259898901,bapa/arith/fol_0000089.smt2,unsat,0.362135887
bapa/arith/fol_0000090.smt2,sat,0.309170246,benchmarks/bapa/arith/cvc5_mapa/fol_0000090.smt2,sat,0.012408495,benchmarks/bapa/arith/cvc5_mapa/fol_0000090.smt2,sat,0.01226902,bapa/arith/fol_0000090.smt2,sat,0.358083248,bapa/arith/fol_0000090.smt2,sat,0.209189415
bapa/arith/fol_0000091.smt2,unsat,0.158828974,benchmarks/bapa/arith/cvc5_mapa/fol_0000091.smt2,unsat,0.010545969,benchmarks/bapa/arith/cvc5_mapa/fol_0000091.smt2,unsat,0.011460304,bapa/arith/fol_0000091.smt2,unsat,0.173787594,bapa/arith/fol_0000091.smt2,unsat,0.363368988
bapa/arith/fol_0000092.smt2,unsat,0.16163063,benchmarks/bapa/arith/cvc5_mapa/fol_0000092.smt2,unsat,0.010330439,benchmarks/bapa/arith/cvc5_mapa/fol_0000092.smt2,unsat,0.01227212,bapa/arith/fol_0000092.smt2,unsat,0.182297945,bapa/arith/fol_0000092.smt2,unsat,0.368582249
bapa/arith/fol_0000093.smt2,unsat,0.16138792,benchmarks/bapa/arith/cvc5_mapa/fol_0000093.smt2,unsat,0.012368917,benchmarks/bapa/arith/cvc5_mapa/fol_0000093.smt2,unsat,0.011746407,bapa/arith/fol_0000093.smt2,unsat,0.179585934,bapa/arith/fol_0000093.smt2,unsat,0.375560045
bapa/arith/fol_0000094.smt2,unsat,0.456709385,benchmarks/bapa/arith/cvc5_mapa/fol_0000094.smt2,unsat,0.039772511,benchmarks/bapa/arith/cvc5_mapa/fol_0000094.smt2,unsat,0.035286188,bapa/arith/fol_0000094.smt2,unsat,0.265763521,bapa/arith/fol_0000094.smt2,unsat,0.36041522
bapa/arith/fol_0000095.smt2,unsat,0.280497789,benchmarks/bapa/arith/cvc5_mapa/fol_0000095.smt2,unsat,0.04006052,benchmarks/bapa/arith/cvc5_mapa/fol_0000095.smt2,unsat,0.032583952,bapa/arith/fol_0000095.smt2,unsat,0.255434036,bapa/arith/fol_0000095.smt2,unsat,0.343849421
bapa/arith/fol_0000096.smt2,sat,0.222700596,benchmarks/bapa/arith/cvc5_mapa/fol_0000096.smt2,sat,0.013827562,benchmarks/bapa/arith/cvc5_mapa/fol_0000096.smt2,sat,0.0119555,bapa/arith/fol_0000096.smt2,sat,0.528202057,bapa/arith/fol_0000096.smt2,sat,0.243084192
bapa/arith/fol_0000097.smt2,unsat,0.447142839,benchmarks/bapa/arith/cvc5_mapa/fol_0000097.smt2,unsat,0.039634943,benchmarks/bapa/arith/cvc5_mapa/fol_0000097.smt2,unsat,0.033333063,bapa/arith/fol_0000097.smt2,unsat,0.257928133,bapa/arith/fol_0000097.smt2,unsat,0.339339018
bapa/arith/fol_0000098.smt2,unsat,0.481195688,benchmarks/bapa/arith/cvc5_mapa/fol_0000098.smt2,unsat,0.038202763,benchmarks/bapa/arith/cvc5_mapa/fol_0000098.smt2,unsat,0.034368515,bapa/arith/fol_0000098.smt2,unsat,0.252087593,bapa/arith/fol_0000098.smt2,unsat,0.3401618
bapa/arith/fol_0000099.smt2,sat,0.31131053,benchmarks/bapa/arith/cvc5_mapa/fol_0000099.smt2,sat,0.014670372,benchmarks/bapa/arith/cvc5_mapa/fol_0000099.smt2,sat,0.015453577,bapa/arith/fol_0000099.smt2,sat,0.218355894,bapa/arith/fol_0000099.smt2,sat,0.259839296
bapa/arith/fol_0000100.smt2,sat,0.186290979,benchmarks/bapa/arith/cvc5_mapa/fol_0000100.smt2,sat,0.01977396,benchmarks/bapa/arith/cvc5_mapa/fol_0000100.smt2,sat,0.018345594,bapa/arith/fol_0000100.smt2,sat,0.50967598,bapa/arith/fol_0000100.smt2,sat,0.262351513
bapa/arith/fol_0000101.smt2,sat,0.133745193,benchmarks/bapa/arith/cvc5_mapa/fol_0000101.smt2,sat,0.015486002,benchmarks/bapa/arith/cvc5_mapa/fol_0000101.smt2,sat,0.016178846,bapa/arith/fol_0000101.smt2,sat,0.133761168,bapa/arith/fol_0000101.smt2,sat,0.135501862
bapa/arith/fol_0000102.smt2,sat,0.31361413,benchmarks/bapa/arith/cvc5_mapa/fol_0000102.smt2,sat,0.014913797,benchmarks/bapa/arith/cvc5_mapa/fol_0000102.smt2,sat,0.016181946,bapa/arith/fol_0000102.smt2,sat,0.515423775,bapa/arith/fol_0000102.smt2,sat,0.262904406
bapa/arith/fol_0000103.smt2,sat,0.179777861,benchmarks/bapa/arith/cvc5_mapa/fol_0000103.smt2,sat,0.020857334,benchmarks/bapa/arith/cvc5_mapa/fol_0000103.smt2,sat,0.020484686,bapa/arith/fol_0000103.smt2,sat,0.498588562,bapa/arith/fol_0000103.smt2,sat,0.254283905
bapa/arith/fol_0000104.smt2,sat,0.395292997,benchmarks/bapa/arith/cvc5_mapa/fol_0000104.smt2,sat,0.021323204,benchmarks/bapa/arith/cvc5_mapa/fol_0000104.smt2,sat,0.021586657,bapa/arith/fol_0000104.smt2,sat,0.397130728,bapa/arith/fol_0000104.smt2,sat,0.268048525
bapa/arith/fol_0000105.smt2,sat,0.180557251,benchmarks/bapa/arith/cvc5_mapa/fol_0000105.smt2,sat,0.021946669,benchmarks/bapa/arith/cvc5_mapa/fol_0000105.smt2,sat,0.022848368,bapa/arith/fol_0000105.smt2,sat,0.214832783,bapa/arith/fol_0000105.smt2,sat,0.26036191
bapa/arith/fol_0000106.smt2,sat,0.182405472,benchmarks/bapa/arith/cvc5_mapa/fol_0000106.smt2,sat,0.019601107,benchmarks/bapa/arith/cvc5_mapa/fol_0000106.smt2,sat,0.021009922,bapa/arith/fol_0000106.smt2,sat,0.395475864,bapa/arith/fol_0000106.smt2,sat,0.265722036
bapa/arith/fol_0000107.smt2,unsat,0.165134668,benchmarks/bapa/arith/cvc5_mapa/fol_0000107.smt2,unsat,0.011844873,benchmarks/bapa/arith/cvc5_mapa/fol_0000107.smt2,unsat,0.010392427,bapa/arith/fol_0000107.smt2,unsat,0.169154406,bapa/arith/fol_0000107.smt2,unsat,0.382766724
bapa/arith/fol_0000108.smt2,sat,0.320556879,benchmarks/bapa/arith/cvc5_mapa/fol_0000108.smt2,sat,0.017991781,benchmarks/bapa/arith/cvc5_mapa/fol_0000108.smt2,sat,0.017415762,bapa/arith/fol_0000108.smt2,sat,0.389794588,bapa/arith/fol_0000108.smt2,sat,0.223977089
bapa/arith/fol_0000109.smt2,sat,0.231084824,benchmarks/bapa/arith/cvc5_mapa/fol_0000109.smt2,sat,0.018886089,benchmarks/bapa/arith/cvc5_mapa/fol_0000109.smt2,sat,0.018476725,bapa/arith/fol_0000109.smt2,sat,0.536567211,bapa/arith/fol_0000109.smt2,sat,0.26975131
bapa/arith/fol_0000110.smt2,unsat,3.921538591,benchmarks/bapa/arith/cvc5_mapa/fol_0000110.smt2,unsat,0.037363768,benchmarks/bapa/arith/cvc5_mapa/fol_0000110.smt2,unsat,0.032397032,bapa/arith/fol_0000110.smt2,unsat,0.246403694,bapa/arith/fol_0000110.smt2,unsat,0.367555618
bapa/arith/fol_0000111.smt2,unsat,0.159286737,benchmarks/bapa/arith/cvc5_mapa/fol_0000111.smt2,unsat,0.011721611,benchmarks/bapa/arith/cvc5_mapa/fol_0000111.smt2,unsat,0.01184392,bapa/arith/fol_0000111.smt2,unsat,0.176566839,bapa/arith/fol_0000111.smt2,unsat,0.372775555
bapa/arith/fol_0000112.smt2,unsat,0.326863289,benchmarks/bapa/arith/cvc5_mapa/fol_0000112.smt2,unsat,0.036829948,benchmarks/bapa/arith/cvc5_mapa/fol_0000112.smt2,unsat,0.034514189,bapa/arith/fol_0000112.smt2,unsat,0.249300241,bapa/arith/fol_0000112.smt2,unsat,0.29082346
bapa/arith/fol_0000113.smt2,sat,0.308773518,benchmarks/bapa/arith/cvc5_mapa/fol_0000113.smt2,sat,0.013432503,benchmarks/bapa/arith/cvc5_mapa/fol_0000113.smt2,sat,0.012742758,bapa/arith/fol_0000113.smt2,sat,0.384971142,bapa/arith/fol_0000113.smt2,sat,0.225405216
bapa/arith/fol_0000114.smt2,unsat,0.156377792,benchmarks/bapa/arith/cvc5_mapa/fol_0000114.smt2,unsat,0.010916233,benchmarks/bapa/arith/cvc5_mapa/fol_0000114.smt2,unsat,0.010554552,bapa/arith/fol_0000114.smt2,unsat,0.17991972,bapa/arith/fol_0000114.smt2,unsat,0.379686832
bapa/arith/fol_0000115.smt2,unsat,0.149849892,benchmarks/bapa/arith/cvc5_mapa/fol_0000115.smt2,unsat,0.009613752,benchmarks/bapa/arith/cvc5_mapa/fol_0000115.smt2,unsat,0.010828257,bapa/arith/fol_0000115.smt2,unsat,0.172433138,bapa/arith/fol_0000115.smt2,unsat,0.363081694
bapa/arith/fol_0000116.smt2,unsat,0.156991482,benchmarks/bapa/arith/cvc5_mapa/fol_0000116.smt2,unsat,0.01166749,benchmarks/bapa/arith/cvc5_mapa/fol_0000116.smt2,unsat,0.011390924,bapa/arith/fol_0000116.smt2,unsat,0.182102919,bapa/arith/fol_0000116.smt2,unsat,0.373269081
bapa/arith/fol_0000117.smt2,sat,0.400486231,benchmarks/bapa/arith/cvc5_mapa/fol_0000117.smt2,sat,0.012051344,benchmarks/bapa/arith/cvc5_mapa/fol_0000117.smt2,sat,0.011631727,bapa/arith/fol_0000117.smt2,sat,0.3779037,bapa/arith/fol_0000117.smt2,sat,0.271892786
bapa/arith/fol_0000118.smt2,sat,0.217529535,benchmarks/bapa/arith/cvc5_mapa/fol_0000118.smt2,sat,0.013709307,benchmarks/bapa/arith/cvc5_mapa/fol_0000118.smt2,sat,0.013317108,bapa/arith/fol_0000118.smt2,sat,0.404802084,bapa/arith/fol_0000118.smt2,sat,0.26606822
bapa/arith/fol_0000119.smt2,unsat,0.267045975,benchmarks/bapa/arith/cvc5_mapa/fol_0000119.smt2,unsat,0.038934708,benchmarks/bapa/arith/cvc5_mapa/fol_0000119.smt2,unsat,0.032262325,bapa/arith/fol_0000119.smt2,unsat,0.24865675,bapa/arith/fol_0000119.smt2,unsat,0.285689116
bapa/arith/fol_0000120.smt2,unsat,0.146548271,benchmarks/bapa/arith/cvc5_mapa/fol_0000120.smt2,unsat,0.011002541,benchmarks/bapa/arith/cvc5_mapa/fol_0000120.smt2,unsat,0.011390209,bapa/arith/fol_0000120.smt2,unsat,0.175627708,bapa/arith/fol_0000120.smt2,unsat,0.36043787
bapa/card/fol_0000001.smt2,sat,0.283255816,benchmarks/bapa/card/cvc5_mapa/fol_0000001.smt2,sat,0.010156393,benchmarks/bapa/card/cvc5_mapa/fol_0000001.smt2,sat,0.010887384,bapa/card/fol_0000001.smt2 ,sat,0.348142385,bapa/card/fol_0000001.smt2,sat,0.204532385
bapa/card/fol_0000002.smt2,sat,0.279324293,benchmarks/bapa/card/cvc5_mapa/fol_0000002.smt2,sat,0.010899782,benchmarks/bapa/card/cvc5_mapa/fol_0000002.smt2,sat,0.011507511,bapa/card/fol_0000002.smt2 ,sat,0.457710743,bapa/card/fol_0000002.smt2,sat,0.201753855
bapa/card/fol_0000003.smt2,sat,0.281014204,benchmarks/bapa/card/cvc5_mapa/fol_0000003.smt2,sat,0.011002541,benchmarks/bapa/card/cvc5_mapa/fol_0000003.smt2,sat,0.011501312,bapa/card/fol_0000003.smt2 ,sat,0.365167618,bapa/card/fol_0000003.smt2,sat,0.20152545
bapa/card/fol_0000004.smt2,sat,0.286376476,benchmarks/bapa/card/cvc5_mapa/fol_0000004.smt2,sat,0.013601303,benchmarks/bapa/card/cvc5_mapa/fol_0000004.smt2,sat,0.012800455,bapa/card/fol_0000004.smt2 ,sat,0.353904963,bapa/card/fol_0000004.smt2,sat,0.200748205
bapa/card/fol_0000005.smt2,sat,0.292086124,benchmarks/bapa/card/cvc5_mapa/fol_0000005.smt2,sat,0.010934114,benchmarks/bapa/card/cvc5_mapa/fol_0000005.smt2,sat,0.011601925,bapa/card/fol_0000005.smt2 ,sat,0.322183609,bapa/card/fol_0000005.smt2,sat,0.190559864
bapa/card/fol_0000006.smt2,sat,0.300486326,benchmarks/bapa/card/cvc5_mapa/fol_0000006.smt2,sat,0.013300657,benchmarks/bapa/card/cvc5_mapa/fol_0000006.smt2,sat,0.013864756,bapa/card/fol_0000006.smt2 ,sat,0.326276541,bapa/card/fol_0000006.smt2,sat,0.251196623
bapa/card/fol_0000007.smt2,sat,0.289987087,benchmarks/bapa/card/cvc5_mapa/fol_0000007.smt2,sat,0.011454821,benchmarks/bapa/card/cvc5_mapa/fol_0000007.smt2,sat,0.011633635,bapa/card/fol_0000007.smt2 ,sat,0.33063817,bapa/card/fol_0000007.smt2,sat,0.188243866
bapa/card/fol_0000008.smt2,sat,0.29144454,benchmarks/bapa/card/cvc5_mapa/fol_0000008.smt2,sat,0.011701822,benchmarks/bapa/card/cvc5_mapa/fol_0000008.smt2,sat,0.011387348,bapa/card/fol_0000008.smt2 ,sat,0.335817814,bapa/card/fol_0000008.smt2,sat,0.188765764
bapa/card/fol_0000009.smt2,sat,0.302447557,benchmarks/bapa/card/cvc5_mapa/fol_0000009.smt2,sat,0.011191845,benchmarks/bapa/card/cvc5_mapa/fol_0000009.smt2,sat,0.011176109,bapa/card/fol_0000009.smt2 ,sat,0.454400539,bapa/card/fol_0000009.smt2,sat,0.193143368
bapa/card/fol_0000010.smt2,sat,0.288416624,benchmarks/bapa/card/cvc5_mapa/fol_0000010.smt2,sat,0.011975288,benchmarks/bapa/card/cvc5_mapa/fol_0000010.smt2,sat,0.011764288,bapa/card/fol_0000010.smt2 ,sat,0.33360076,bapa/card/fol_0000010.smt2,sat,0.188557625
bapa/card/fol_0000011.smt2,sat,0.319440126,benchmarks/bapa/card/cvc5_mapa/fol_0000011.smt2,sat,0.012178898,benchmarks/bapa/card/cvc5_mapa/fol_0000011.smt2,sat,0.010846376,bapa/card/fol_0000011.smt2 ,sat,0.425668955,bapa/card/fol_0000011.smt2,sat,0.244504929
bapa/card/fol_0000012.smt2,sat,0.297825336,benchmarks/bapa/card/cvc5_mapa/fol_0000012.smt2,sat,0.010549068,benchmarks/bapa/card/cvc5_mapa/fol_0000012.smt2,sat,0.010439873,bapa/card/fol_0000012.smt2 ,sat,0.331411123,bapa/card/fol_0000012.smt2,sat,0.188744545
bapa/card/fol_0000013.smt2,sat,0.29280591,benchmarks/bapa/card/cvc5_mapa/fol_0000013.smt2,sat,0.012705803,benchmarks/bapa/card/cvc5_mapa/fol_0000013.smt2,sat,0.012650013,bapa/card/fol_0000013.smt2 ,sat,0.346456289,bapa/card/fol_0000013.smt2,sat,0.19443965
bapa/card/fol_0000014.smt2,sat,0.303855181,benchmarks/bapa/card/cvc5_mapa/fol_0000014.smt2,sat,0.012147188,benchmarks/bapa/card/cvc5_mapa/fol_0000014.smt2,sat,0.01252079,bapa/card/fol_0000014.smt2 ,sat,0.361204147,bapa/card/fol_0000014.smt2,sat,0.193449497
bapa/card/fol_0000015.smt2,sat,0.297189951,benchmarks/bapa/card/cvc5_mapa/fol_0000015.smt2,sat,0.011735439,benchmarks/bapa/card/cvc5_mapa/fol_0000015.smt2,sat,0.011701107,bapa/card/fol_0000015.smt2 ,sat,0.470697165,bapa/card/fol_0000015.smt2,sat,0.194524288
bapa/card/fol_0000016.smt2,sat,0.300237417,benchmarks/bapa/card/cvc5_mapa/fol_0000016.smt2,sat,0.011040688,benchmarks/bapa/card/cvc5_mapa/fol_0000016.smt2,sat,0.011887789,bapa/card/fol_0000016.smt2 ,sat,0.371356249,bapa/card/fol_0000016.smt2,sat,0.186936617
bapa/card/fol_0000017.smt2,sat,0.296292782,benchmarks/bapa/card/cvc5_mapa/fol_0000017.smt2,sat,0.012178659,benchmarks/bapa/card/cvc5_mapa/fol_0000017.smt2,sat,0.012828588,bapa/card/fol_0000017.smt2 ,sat,0.470745564,bapa/card/fol_0000017.smt2,sat,0.194772482
bapa/card/fol_0000018.smt2,sat,0.297888517,benchmarks/bapa/card/cvc5_mapa/fol_0000018.smt2,sat,0.011727095,benchmarks/bapa/card/cvc5_mapa/fol_0000018.smt2,sat,0.012096643,bapa/card/fol_0000018.smt2 ,sat,0.357661009,bapa/card/fol_0000018.smt2,sat,0.199263334
bapa/card/fol_0000019.smt2,sat,0.319734812,benchmarks/bapa/card/cvc5_mapa/fol_0000019.smt2,sat,0.01480484,benchmarks/bapa/card/cvc5_mapa/fol_0000019.smt2,sat,0.014556885,bapa/card/fol_0000019.smt2 ,sat,0.497979879,bapa/card/fol_0000019.smt2,sat,0.216842651
bapa/card/fol_0000020.smt2,sat,0.312626123,benchmarks/bapa/card/cvc5_mapa/fol_0000020.smt2,sat,0.011669159,benchmarks/bapa/card/cvc5_mapa/fol_0000020.smt2,sat,0.011825323,bapa/card/fol_0000020.smt2 ,sat,0.363837242,bapa/card/fol_0000020.smt2,sat,0.216771364
bapa/card/fol_0000021.smt2,unsat,0.160765409,benchmarks/bapa/card/cvc5_mapa/fol_0000021.smt2,unsat,0.011119604,benchmarks/bapa/card/cvc5_mapa/fol_0000021.smt2,unsat,0.011360884,bapa/card/fol_0000021.smt2 ,unsat,0.17556572,bapa/card/fol_0000021.smt2,unsat,0.362556696
bapa/card/fol_0000022.smt2,sat,0.298527241,benchmarks/bapa/card/cvc5_mapa/fol_0000022.smt2,sat,0.012513638,benchmarks/bapa/card/cvc5_mapa/fol_0000022.smt2,sat,0.011876822,bapa/card/fol_0000022.smt2 ,sat,0.481466532,bapa/card/fol_0000022.smt2,sat,0.268477678
bapa/card/fol_0000023.smt2,unsat,0.159338474,benchmarks/bapa/card/cvc5_mapa/fol_0000023.smt2,unsat,0.011002302,benchmarks/bapa/card/cvc5_mapa/fol_0000023.smt2,unsat,0.01009059,bapa/card/fol_0000023.smt2 ,unsat,0.17628336,bapa/card/fol_0000023.smt2,unsat,0.371439695
bapa/card/fol_0000024.smt2,sat,0.320631981,benchmarks/bapa/card/cvc5_mapa/fol_0000024.smt2,sat,0.017384052,benchmarks/bapa/card/cvc5_mapa/fol_0000024.smt2,sat,0.017491341,bapa/card/fol_0000024.smt2 ,timeout,103.0688267,bapa/card/fol_0000024.smt2,sat,0.221421957
bapa/card/fol_0000025.smt2,sat,0.291079521,benchmarks/bapa/card/cvc5_mapa/fol_0000025.smt2,sat,0.010532379,benchmarks/bapa/card/cvc5_mapa/fol_0000025.smt2,sat,0.011823893,bapa/card/fol_0000025.smt2 ,sat,0.328233004,bapa/card/fol_0000025.smt2,sat,0.209499598
bapa/card/fol_0000026.smt2,sat,0.416231155,benchmarks/bapa/card/cvc5_mapa/fol_0000026.smt2,sat,0.012239695,benchmarks/bapa/card/cvc5_mapa/fol_0000026.smt2,sat,0.011840105,bapa/card/fol_0000026.smt2 ,sat,0.433926344,bapa/card/fol_0000026.smt2,sat,0.205508232
bapa/card/fol_0000027.smt2,sat,0.295929909,benchmarks/bapa/card/cvc5_mapa/fol_0000027.smt2,sat,0.011935472,benchmarks/bapa/card/cvc5_mapa/fol_0000027.smt2,sat,0.010711908,bapa/card/fol_0000027.smt2 ,sat,0.353523493,bapa/card/fol_0000027.smt2,sat,0.207801104
bapa/card/fol_0000028.smt2,unsat,0.45016551,benchmarks/bapa/card/cvc5_mapa/fol_0000028.smt2,unsat,0.037148237,benchmarks/bapa/card/cvc5_mapa/fol_0000028.smt2,unsat,0.031548023,bapa/card/fol_0000028.smt2 ,unsat,0.229395866,bapa/card/fol_0000028.smt2,unsat,0.354738235
bapa/card/fol_0000029.smt2,sat,0.226243973,benchmarks/bapa/card/cvc5_mapa/fol_0000029.smt2,sat,0.018197775,benchmarks/bapa/card/cvc5_mapa/fol_0000029.smt2,sat,0.018594265,bapa/card/fol_0000029.smt2 ,sat,0.395368814,bapa/card/fol_0000029.smt2,sat,0.261576414
bapa/card/fol_0000030.smt2,unsat,0.152578354,benchmarks/bapa/card/cvc5_mapa/fol_0000030.smt2,unsat,0.010984182,benchmarks/bapa/card/cvc5_mapa/fol_0000030.smt2,unsat,0.009819031,bapa/card/fol_0000030.smt2 ,unsat,0.168560266,bapa/card/fol_0000030.smt2,unsat,0.354427576
bapa/card/fol_0000031.smt2,sat,0.317049265,benchmarks/bapa/card/cvc5_mapa/fol_0000031.smt2,sat,0.011347055,benchmarks/bapa/card/cvc5_mapa/fol_0000031.smt2,sat,0.012195349,bapa/card/fol_0000031.smt2 ,sat,0.352802992,bapa/card/fol_0000031.smt2,sat,0.223647118
bapa/card/fol_0000032.smt2,unsat,0.155900955,benchmarks/bapa/card/cvc5_mapa/fol_0000032.smt2,unsat,0.009578705,benchmarks/bapa/card/cvc5_mapa/fol_0000032.smt2,unsat,0.009335518,bapa/card/fol_0000032.smt2 ,unsat,0.16859293,bapa/card/fol_0000032.smt2,unsat,0.358333111
bapa/card/fol_0000033.smt2,sat,0.32063365,benchmarks/bapa/card/cvc5_mapa/fol_0000033.smt2,sat,0.01284337,benchmarks/bapa/card/cvc5_mapa/fol_0000033.smt2,sat,0.013145924,bapa/card/fol_0000033.smt2 ,sat,0.353658676,bapa/card/fol_0000033.smt2,sat,0.211538315
bapa/card/fol_0000034.smt2,unsat,0.154262304,benchmarks/bapa/card/cvc5_mapa/fol_0000034.smt2,unsat,0.011600971,benchmarks/bapa/card/cvc5_mapa/fol_0000034.smt2,unsat,0.010293245,bapa/card/fol_0000034.smt2 ,unsat,0.17126441,bapa/card/fol_0000034.smt2,unsat,0.367133379
bapa/card/fol_0000035.smt2,sat,0.316426516,benchmarks/bapa/card/cvc5_mapa/fol_0000035.smt2,sat,0.013266802,benchmarks/bapa/card/cvc5_mapa/fol_0000035.smt2,sat,0.011770725,bapa/card/fol_0000035.smt2 ,sat,1.566426754,bapa/card/fol_0000035.smt2,sat,0.227787495
bapa/card/fol_0000036.smt2,sat,0.283187628,benchmarks/bapa/card/cvc5_mapa/fol_0000036.smt2,sat,0.011133671,benchmarks/bapa/card/cvc5_mapa/fol_0000036.smt2,sat,0.011783838,bapa/card/fol_0000036.smt2 ,sat,0.345349789,bapa/card/fol_0000036.smt2,sat,0.200876474
bapa/card/fol_0000037.smt2,sat,0.297120571,benchmarks/bapa/card/cvc5_mapa/fol_0000037.smt2,sat,0.012010336,benchmarks/bapa/card/cvc5_mapa/fol_0000037.smt2,sat,0.012081861,bapa/card/fol_0000037.smt2 ,sat,0.357153893,bapa/card/fol_0000037.smt2,sat,0.196832657
bapa/card/fol_0000038.smt2,unsat,0.157526255,benchmarks/bapa/card/cvc5_mapa/fol_0000038.smt2,unsat,0.010728359,benchmarks/bapa/card/cvc5_mapa/fol_0000038.smt2,unsat,0.01043725,bapa/card/fol_0000038.smt2 ,unsat,0.176616907,bapa/card/fol_0000038.smt2,unsat,0.336278677
bapa/card/fol_0000039.smt2,sat,0.294830084,benchmarks/bapa/card/cvc5_mapa/fol_0000039.smt2,sat,0.011332273,benchmarks/bapa/card/cvc5_mapa/fol_0000039.smt2,sat,0.011969805,bapa/card/fol_0000039.smt2 ,sat,0.345527172,bapa/card/fol_0000039.smt2,sat,0.203689575
bapa/card/fol_0000040.smt2,unsat,0.160120487,benchmarks/bapa/card/cvc5_mapa/fol_0000040.smt2,unsat,0.011488438,benchmarks/bapa/card/cvc5_mapa/fol_0000040.smt2,unsat,0.010922909,bapa/card/fol_0000040.smt2 ,unsat,0.170547009,bapa/card/fol_0000040.smt2,unsat,0.334513664
bapa/card/fol_0000041.smt2,sat,0.298484087,benchmarks/bapa/card/cvc5_mapa/fol_0000041.smt2,sat,0.012764454,benchmarks/bapa/card/cvc5_mapa/fol_0000041.smt2,sat,0.012274265,bapa/card/fol_0000041.smt2 ,sat,0.358799458,bapa/card/fol_0000041.smt2,sat,0.195292711
bapa/card/fol_0000042.smt2,sat,0.296357155,benchmarks/bapa/card/cvc5_mapa/fol_0000042.smt2,sat,0.0107131,benchmarks/bapa/card/cvc5_mapa/fol_0000042.smt2,sat,0.010287046,bapa/card/fol_0000042.smt2 ,sat,0.338605404,bapa/card/fol_0000042.smt2,sat,0.188025236
bapa/card/fol_0000043.smt2,sat,0.221686602,benchmarks/bapa/card/cvc5_mapa/fol_0000043.smt2,sat,0.012712002,benchmarks/bapa/card/cvc5_mapa/fol_0000043.smt2,sat,0.012970924,bapa/card/fol_0000043.smt2 ,sat,0.279938936,bapa/card/fol_0000043.smt2,sat,0.2354877
bapa/card/fol_0000044.smt2,sat,1.967040539,benchmarks/bapa/card/cvc5_mapa/fol_0000044.smt2,sat,0.012073755,benchmarks/bapa/card/cvc5_mapa/fol_0000044.smt2,sat,0.011295795,bapa/card/fol_0000044.smt2 ,sat,0.352156162,bapa/card/fol_0000044.smt2,sat,0.193188429
bapa/card/fol_0000045.smt2,unsat,1.491548777,benchmarks/bapa/card/cvc5_mapa/fol_0000045.smt2,unsat,0.108235598,benchmarks/bapa/card/cvc5_mapa/fol_0000045.smt2,unsat,0.0877285,bapa/card/fol_0000045.smt2 ,unsat,0.488812923,bapa/card/fol_0000045.smt2,unsat,5.151066542
bapa/card/fol_0000046.smt2,timeout,104.9443359,benchmarks/bapa/card/cvc5_mapa/fol_0000046.smt2,sat,0.769466639,benchmarks/bapa/card/cvc5_mapa/fol_0000046.smt2,sat,0.528176785,bapa/card/fol_0000046.smt2 ,timeout,103.4666762,bapa/card/fol_0000046.smt2,timeout,103.3730199
bapa/card/fol_0000047.smt2,timeout,105.097821,benchmarks/bapa/card/cvc5_mapa/fol_0000047.smt2,unsat,0.788295746,benchmarks/bapa/card/cvc5_mapa/fol_0000047.smt2,unsat,0.553550482,bapa/card/fol_0000047.smt2 ,unsat,14.58278632,bapa/card/fol_0000047.smt2,timeout,103.4148059
bapa/card/fol_0000048.smt2,timeout,105.0564947,benchmarks/bapa/card/cvc5_mapa/fol_0000048.smt2,timeout,104.1689081,benchmarks/bapa/card/cvc5_mapa/fol_0000048.smt2,timeout,104.4240084,bapa/card/fol_0000048.smt2 ,timeout,103.9082496,bapa/card/fol_0000048.smt2,timeout,103.4310362
bapa/card/fol_0000049.smt2,timeout,105.1588304,benchmarks/bapa/card/cvc5_mapa/fol_0000049.smt2,timeout,104.8045454,benchmarks/bapa/card/cvc5_mapa/fol_0000049.smt2,timeout,103.5519545,bapa/card/fol_0000049.smt2 ,sat,12.38865542,bapa/card/fol_0000049.smt2,timeout,103.7552276
bapa/card/fol_0000050.smt2,timeout,104.9191408,benchmarks/bapa/card/cvc5_mapa/fol_0000050.smt2,sat,0.021796942,benchmarks/bapa/card/cvc5_mapa/fol_0000050.smt2,sat,0.020849228,bapa/card/fol_0000050.smt2 ,timeout,104.1395805,bapa/card/fol_0000050.smt2,timeout,103.8655016
bapa/card/fol_0000051.smt2,timeout,105.0142403,benchmarks/bapa/card/cvc5_mapa/fol_0000051.smt2,sat,0.021059036,benchmarks/bapa/card/cvc5_mapa/fol_0000051.smt2,sat,0.020886183,bapa/card/fol_0000051.smt2 ,timeout,103.8938422,bapa/card/fol_0000051.smt2,timeout,103.5609293
bapa/card/fol_0000052.smt2,timeout,105.0152457,benchmarks/bapa/card/cvc5_mapa/fol_0000052.smt2,sat,0.77635479,benchmarks/bapa/card/cvc5_mapa/fol_0000052.smt2,sat,0.55354619,bapa/card/fol_0000052.smt2 ,sat,5.987371445,bapa/card/fol_0000052.smt2,timeout,103.5411959
bapa/card/fol_0000053.smt2,timeout,105.1842697,benchmarks/bapa/card/cvc5_mapa/fol_0000053.smt2,sat,0.024024725,benchmarks/bapa/card/cvc5_mapa/fol_0000053.smt2,sat,0.024001122,bapa/card/fol_0000053.smt2 ,timeout,104.0903301,bapa/card/fol_0000053.smt2,timeout,103.3951674
bapa/card/fol_0000054.smt2,timeout,104.860482,benchmarks/bapa/card/cvc5_mapa/fol_0000054.smt2,sat,0.765702248,benchmarks/bapa/card/cvc5_mapa/fol_0000054.smt2,sat,0.533083677,bapa/card/fol_0000054.smt2 ,timeout,103.7427778,bapa/card/fol_0000054.smt2,timeout,103.2958548
bapa/card/fol_0000055.smt2,timeout,106.6984661,benchmarks/bapa/card/cvc5_mapa/fol_0000055.smt2,unsat,0.983957529,benchmarks/bapa/card/cvc5_mapa/fol_0000055.smt2,unsat,1.014003277,bapa/card/fol_0000055.smt2 ,unsat,19.85817552,bapa/card/fol_0000055.smt2,timeout,102.9772425
bapa/card/fol_0000056.smt2,timeout,105.1026247,benchmarks/bapa/card/cvc5_mapa/fol_0000056.smt2,sat,0.0213871,benchmarks/bapa/card/cvc5_mapa/fol_0000056.smt2,sat,0.020268917,bapa/card/fol_0000056.smt2 ,sat,1.566277266,bapa/card/fol_0000056.smt2,sat,2.453059196
bapa/card/fol_0000057.smt2,sat,2.064798594,benchmarks/bapa/card/cvc5_mapa/fol_0000057.smt2,sat,0.108089924,benchmarks/bapa/card/cvc5_mapa/fol_0000057.smt2,sat,0.084196091,bapa/card/fol_0000057.smt2 ,sat,3.495954037,bapa/card/fol_0000057.smt2,sat,1.668850899
bapa/card/fol_0000058.smt2,unsat,0.4516325,benchmarks/bapa/card/cvc5_mapa/fol_0000058.smt2,unsat,0.038115263,benchmarks/bapa/card/cvc5_mapa/fol_0000058.smt2,unsat,0.031290054,bapa/card/fol_0000058.smt2 ,unsat,0.217217445,bapa/card/fol_0000058.smt2,unsat,0.339730978
bapa/card/fol_0000059.smt2,unsat,0.180830956,benchmarks/bapa/card/cvc5_mapa/fol_0000059.smt2,unsat,0.007176161,benchmarks/bapa/card/cvc5_mapa/fol_0000059.smt2,unsat,0.007361412,bapa/card/fol_0000059.smt2 ,unsat,0.175922394,bapa/card/fol_0000059.smt2,unsat,7.739145994
bapa/card/fol_0000060.smt2,unsat,1.392211676,benchmarks/bapa/card/cvc5_mapa/fol_0000060.smt2,unsat,0.111397505,benchmarks/bapa/card/cvc5_mapa/fol_0000060.smt2,unsat,0.083183289,bapa/card/fol_0000060.smt2 ,unsat,0.488635063,bapa/card/fol_0000060.smt2,unsat,6.006297112
bapa/card/fol_0000061.smt2,unsat,1.355546951,benchmarks/bapa/card/cvc5_mapa/fol_0000061.smt2,unsat,0.106749058,benchmarks/bapa/card/cvc5_mapa/fol_0000061.smt2,unsat,0.085627794,bapa/card/fol_0000061.smt2 ,unsat,0.286833763,bapa/card/fol_0000061.smt2,unsat,4.341179132
bapa/card/fol_0000062.smt2,sat,2.812538385,benchmarks/bapa/card/cvc5_mapa/fol_0000062.smt2,sat,0.114958286,benchmarks/bapa/card/cvc5_mapa/fol_0000062.smt2,sat,0.087985039,bapa/card/fol_0000062.smt2 ,sat,2.725895882,bapa/card/fol_0000062.smt2,sat,1.410241365
bapa/card/fol_0000063.smt2,unsat,0.350518227,benchmarks/bapa/card/cvc5_mapa/fol_0000063.smt2,unsat,0.038750887,benchmarks/bapa/card/cvc5_mapa/fol_0000063.smt2,unsat,0.036116362,bapa/card/fol_0000063.smt2 ,unsat,0.24049139,bapa/card/fol_0000063.smt2,unsat,0.352270842
bapa/card/fol_0000064.smt2,unsat,0.183596134,benchmarks/bapa/card/cvc5_mapa/fol_0000064.smt2,unsat,0.008205414,benchmarks/bapa/card/cvc5_mapa/fol_0000064.smt2,unsat,0.008278608,bapa/card/fol_0000064.smt2 ,unsat,0.176743507,bapa/card/fol_0000064.smt2,unsat,4.091553211
bapa/card/fol_0000065.smt2,unsat,1.396263361,benchmarks/bapa/card/cvc5_mapa/fol_0000065.smt2,unsat,0.107069254,benchmarks/bapa/card/cvc5_mapa/fol_0000065.smt2,unsat,0.084511518,bapa/card/fol_0000065.smt2 ,unsat,0.488292694,bapa/card/fol_0000065.smt2,unsat,2.634726286
bapa/card/fol_0000066.smt2,unsat,1.497215271,benchmarks/bapa/card/cvc5_mapa/fol_0000066.smt2,unsat,0.108688116,benchmarks/bapa/card/cvc5_mapa/fol_0000066.smt2,unsat,0.084813595,bapa/card/fol_0000066.smt2 ,unsat,0.518841028,bapa/card/fol_0000066.smt2,unsat,11.32183766
bapa/card/fol_0000067.smt2,unsat,1.425381184,benchmarks/bapa/card/cvc5_mapa/fol_0000067.smt2,unsat,0.106894493,benchmarks/bapa/card/cvc5_mapa/fol_0000067.smt2,unsat,0.08605504,bapa/card/fol_0000067.smt2 ,unsat,0.273046255,bapa/card/fol_0000067.smt2,unsat,5.677565813
bapa/card/fol_0000068.smt2,unsat,1.358068466,benchmarks/bapa/card/cvc5_mapa/fol_0000068.smt2,unsat,0.107118368,benchmarks/bapa/card/cvc5_mapa/fol_0000068.smt2,unsat,0.081124067,bapa/card/fol_0000068.smt2 ,unsat,0.30168128,bapa/card/fol_0000068.smt2,unsat,6.163902998
bapa/card/fol_0000069.smt2,timeout,105.0500247,benchmarks/bapa/card/cvc5_mapa/fol_0000069.smt2,sat,0.794481754,benchmarks/bapa/card/cvc5_mapa/fol_0000069.smt2,sat,0.551850319,bapa/card/fol_0000069.smt2 ,timeout,103.6215355,bapa/card/fol_0000069.smt2,timeout,103.05527
bapa/card/fol_0000070.smt2,timeout,104.915751,benchmarks/bapa/card/cvc5_mapa/fol_0000070.smt2,unsat,0.7946558,benchmarks/bapa/card/cvc5_mapa/fol_0000070.smt2,unsat,0.563616276,bapa/card/fol_0000070.smt2 ,unsat,0.643317938,bapa/card/fol_0000070.smt2,timeout,103.1102245
bapa/card/fol_0000071.smt2,timeout,105.2057455,benchmarks/bapa/card/cvc5_mapa/fol_0000071.smt2,timeout,105.8025584,benchmarks/bapa/card/cvc5_mapa/fol_0000071.smt2,timeout,102.3476431,bapa/card/fol_0000071.smt2 ,timeout,103.6335373,bapa/card/fol_0000071.smt2,timeout,102.8005328
bapa/card/fol_0000072.smt2,timeout,106.8306081,benchmarks/bapa/card/cvc5_mapa/fol_0000072.smt2,timeout,108.0634844,benchmarks/bapa/card/cvc5_mapa/fol_0000072.smt2,timeout,103.6559987,bapa/card/fol_0000072.smt2 ,timeout,103.6516392,bapa/card/fol_0000072.smt2,timeout,103.6229982
bapa/card/fol_0000073.smt2,timeout,105.1565483,benchmarks/bapa/card/cvc5_mapa/fol_0000073.smt2,sat,0.028450966,benchmarks/bapa/card/cvc5_mapa/fol_0000073.smt2,sat,0.029602289,bapa/card/fol_0000073.smt2 ,timeout,105.0871072,bapa/card/fol_0000073.smt2,timeout,103.284514
bapa/card/fol_0000074.smt2,timeout,104.9759636,benchmarks/bapa/card/cvc5_mapa/fol_0000074.smt2,sat,0.021563292,benchmarks/bapa/card/cvc5_mapa/fol_0000074.smt2,sat,0.02066803,bapa/card/fol_0000074.smt2 ,timeout,103.7744927,bapa/card/fol_0000074.smt2,sat,3.716518641
bapa/card/fol_0000075.smt2,timeout,104.944144,benchmarks/bapa/card/cvc5_mapa/fol_0000075.smt2,sat,0.770115137,benchmarks/bapa/card/cvc5_mapa/fol_0000075.smt2,sat,0.534326077,bapa/card/fol_0000075.smt2 ,timeout,103.924571,bapa/card/fol_0000075.smt2,timeout,103.9578922
bapa/card/fol_0000076.smt2,sat,2.042373896,benchmarks/bapa/card/cvc5_mapa/fol_0000076.smt2,sat,0.030246735,benchmarks/bapa/card/cvc5_mapa/fol_0000076.smt2,sat,0.02897501,bapa/card/fol_0000076.smt2 ,sat,2.880273819,bapa/card/fol_0000076.smt2,sat,0.793027163
bapa/card/fol_0000077.smt2,timeout,104.9586115,benchmarks/bapa/card/cvc5_mapa/fol_0000077.smt2,sat,0.77559185,benchmarks/bapa/card/cvc5_mapa/fol_0000077.smt2,sat,0.565167665,bapa/card/fol_0000077.smt2 ,timeout,104.2659779,bapa/card/fol_0000077.smt2,sat,6.11378479
bapa/card/fol_0000078.smt2,timeout,105.1143312,benchmarks/bapa/card/cvc5_mapa/fol_0000078.smt2,unsat,1.102555513,benchmarks/bapa/card/cvc5_mapa/fol_0000078.smt2,unsat,1.145474434,bapa/card/fol_0000078.smt2 ,unsat,1.812590837,bapa/card/fol_0000078.smt2,timeout,104.2696733
bapa/card/fol_0000079.smt2,sat,0.926323652,benchmarks/bapa/card/cvc5_mapa/fol_0000079.smt2,sat,0.020706415,benchmarks/bapa/card/cvc5_mapa/fol_0000079.smt2,sat,0.019842148,bapa/card/fol_0000079.smt2 ,sat,1.572762728,bapa/card/fol_0000079.smt2,sat,2.403383732
bapa/card/fol_0000080.smt2,sat,7.877845526,benchmarks/bapa/card/cvc5_mapa/fol_0000080.smt2,sat,0.182487011,benchmarks/bapa/card/cvc5_mapa/fol_0000080.smt2,sat,0.18350625,bapa/card/fol_0000080.smt2 ,timeout,104.4939415,bapa/card/fol_0000080.smt2,timeout,104.3490171
bapa/card/fol_0000081.smt2,unsat,0.187861919,benchmarks/bapa/card/cvc5_mapa/fol_0000081.smt2,unsat,0.009051323,benchmarks/bapa/card/cvc5_mapa/fol_0000081.smt2,unsat,0.008540392,bapa/card/fol_0000081.smt2 ,unsat,0.173802137,bapa/card/fol_0000081.smt2,unsat,2.027276993
bapa/card/fol_0000082.smt2,timeout,106.5771108,benchmarks/bapa/card/cvc5_mapa/fol_0000082.smt2,sat,0.361620903,benchmarks/bapa/card/cvc5_mapa/fol_0000082.smt2,sat,0.374883652,bapa/card/fol_0000082.smt2 ,timeout,104.4206553,bapa/card/fol_0000082.smt2,timeout,104.3106077
bapa/card/fol_0000083.smt2,timeout,105.0099189,benchmarks/bapa/card/cvc5_mapa/fol_0000083.smt2,unsat,0.175405502,benchmarks/bapa/card/cvc5_mapa/fol_0000083.smt2,unsat,0.182933807,bapa/card/fol_0000083.smt2 ,unsat,0.435297728,bapa/card/fol_0000083.smt2,timeout,104.2725973
bapa/card/fol_0000084.smt2,timeout,105.0347142,benchmarks/bapa/card/cvc5_mapa/fol_0000084.smt2,sat,0.790679216,benchmarks/bapa/card/cvc5_mapa/fol_0000084.smt2,sat,0.561992884,bapa/card/fol_0000084.smt2 ,timeout,104.2930706,bapa/card/fol_0000084.smt2,timeout,102.2037778
bapa/card/fol_0000085.smt2,unsat,1.422907829,benchmarks/bapa/card/cvc5_mapa/fol_0000085.smt2,unsat,0.110264301,benchmarks/bapa/card/cvc5_mapa/fol_0000085.smt2,unsat,0.083978891,bapa/card/fol_0000085.smt2 ,unsat,0.264498234,bapa/card/fol_0000085.smt2,unsat,9.690082073
bapa/card/fol_0000086.smt2,unsat,1.428211927,benchmarks/bapa/card/cvc5_mapa/fol_0000086.smt2,unsat,0.10776186,benchmarks/bapa/card/cvc5_mapa/fol_0000086.smt2,unsat,0.08234787,bapa/card/fol_0000086.smt2 ,unsat,0.281278849,bapa/card/fol_0000086.smt2,unsat,4.516176701
bapa/card/fol_0000087.smt2,timeout,105.1159036,benchmarks/bapa/card/cvc5_mapa/fol_0000087.smt2,unsat,0.175252199,benchmarks/bapa/card/cvc5_mapa/fol_0000087.smt2,unsat,0.173178911,bapa/card/fol_0000087.smt2 ,unsat,1.131471157,bapa/card/fol_0000087.smt2,timeout,102.2145534
bapa/card/fol_0000088.smt2,timeout,104.829685,benchmarks/bapa/card/cvc5_mapa/fol_0000088.smt2,unsat,0.730261803,benchmarks/bapa/card/cvc5_mapa/fol_0000088.smt2,unsat,0.505670786,bapa/card/fol_0000088.smt2 ,unsat,17.00315738,bapa/card/fol_0000088.smt2,timeout,102.9250233
bapa/card/fol_0000089.smt2,timeout,105.1540682,benchmarks/bapa/card/cvc5_mapa/fol_0000089.smt2,unsat,0.804674864,benchmarks/bapa/card/cvc5_mapa/fol_0000089.smt2,unsat,0.582866669,bapa/card/fol_0000089.smt2 ,unsat,5.932872772,bapa/card/fol_0000089.smt2,timeout,103.8927557
bapa/card/fol_0000090.smt2,timeout,105.2899914,benchmarks/bapa/card/cvc5_mapa/fol_0000090.smt2,sat,0.173912287,benchmarks/bapa/card/cvc5_mapa/fol_0000090.smt2,sat,0.179326057,bapa/card/fol_0000090.smt2 ,timeout,104.2053254,bapa/card/fol_0000090.smt2,timeout,102.8726203
bapa/card/fol_0000091.smt2,unsat,0.166368484,benchmarks/bapa/card/cvc5_mapa/fol_0000091.smt2,unsat,0.011995077,benchmarks/bapa/card/cvc5_mapa/fol_0000091.smt2,unsat,0.010154009,bapa/card/fol_0000091.smt2 ,unsat,0.186646938,bapa/card/fol_0000091.smt2,unsat,5.717987061
bapa/card/fol_0000092.smt2,timeout,105.1361651,benchmarks/bapa/card/cvc5_mapa/fol_0000092.smt2,unsat,0.16974926,benchmarks/bapa/card/cvc5_mapa/fol_0000092.smt2,unsat,0.169325113,bapa/card/fol_0000092.smt2 ,unsat,0.450740576,bapa/card/fol_0000092.smt2,timeout,101.9621203
bapa/card/fol_0000093.smt2,timeout,105.0772891,benchmarks/bapa/card/cvc5_mapa/fol_0000093.smt2,unsat,0.182137251,benchmarks/bapa/card/cvc5_mapa/fol_0000093.smt2,unsat,0.181236029,bapa/card/fol_0000093.smt2 ,unsat,0.524286032,bapa/card/fol_0000093.smt2,timeout,103.9693923
bapa/card/fol_0000094.smt2,unsat,1.517265558,benchmarks/bapa/card/cvc5_mapa/fol_0000094.smt2,unsat,0.104871035,benchmarks/bapa/card/cvc5_mapa/fol_0000094.smt2,unsat,0.082825661,bapa/card/fol_0000094.smt2 ,unsat,0.26278615,bapa/card/fol_0000094.smt2,unsat,3.600968838
bapa/card/fol_0000095.smt2,timeout,106.2514246,benchmarks/bapa/card/cvc5_mapa/fol_0000095.smt2,unsat,0.739505053,benchmarks/bapa/card/cvc5_mapa/fol_0000095.smt2,unsat,0.508425236,bapa/card/fol_0000095.smt2 ,timeout,104.2250478,bapa/card/fol_0000095.smt2,timeout,102.9697618
bapa/card/fol_0000096.smt2,timeout,104.3699486,benchmarks/bapa/card/cvc5_mapa/fol_0000096.smt2,timeout,105.6563652,benchmarks/bapa/card/cvc5_mapa/fol_0000096.smt2,timeout,103.6021709,bapa/card/fol_0000096.smt2 ,timeout,104.4544456,bapa/card/fol_0000096.smt2,timeout,102.1843169
bapa/card/fol_0000097.smt2,timeout,104.2311716,benchmarks/bapa/card/cvc5_mapa/fol_0000097.smt2,timeout,105.5204339,benchmarks/bapa/card/cvc5_mapa/fol_0000097.smt2,timeout,103.2644532,bapa/card/fol_0000097.smt2 ,timeout,105.5871971,bapa/card/fol_0000097.smt2,timeout,102.4979868
bapa/card/fol_0000098.smt2,timeout,104.8672276,benchmarks/bapa/card/cvc5_mapa/fol_0000098.smt2,timeout,102.5786195,benchmarks/bapa/card/cvc5_mapa/fol_0000098.smt2,timeout,100.0497692,bapa/card/fol_0000098.smt2 ,timeout,104.1750824,bapa/card/fol_0000098.smt2,timeout,101.5566027
bapa/card/fol_0000099.smt2,timeout,104.8354745,benchmarks/bapa/card/cvc5_mapa/fol_0000099.smt2,timeout,103.1418593,benchmarks/bapa/card/cvc5_mapa/fol_0000099.smt2,timeout,100.0456693,bapa/card/fol_0000099.smt2 ,timeout,104.1664188,bapa/card/fol_0000099.smt2,timeout,103.3778017
bapa/card/fol_0000100.smt2,timeout,104.8158329,benchmarks/bapa/card/cvc5_mapa/fol_0000100.smt2,timeout,103.72946,benchmarks/bapa/card/cvc5_mapa/fol_0000100.smt2,timeout,100.0430734,bapa/card/fol_0000100.smt2 ,timeout,104.2005637,bapa/card/fol_0000100.smt2,timeout,102.2503037
bapa/card/fol_0000101.smt2,timeout,104.8271821,benchmarks/bapa/card/cvc5_mapa/fol_0000101.smt2,sat,0.031290293,benchmarks/bapa/card/cvc5_mapa/fol_0000101.smt2,sat,0.030393124,bapa/card/fol_0000101.smt2 ,timeout,104.347718,bapa/card/fol_0000101.smt2,timeout,103.2513716
bapa/card/fol_0000102.smt2,timeout,104.8750272,benchmarks/bapa/card/cvc5_mapa/fol_0000102.smt2,timeout,102.9754629,benchmarks/bapa/card/cvc5_mapa/fol_0000102.smt2,timeout,100.0400362,bapa/card/fol_0000102.smt2 ,timeout,104.8836405,bapa/card/fol_0000102.smt2,timeout,103.2790234
bapa/card/fol_0000103.smt2,timeout,104.9035561,benchmarks/bapa/card/cvc5_mapa/fol_0000103.smt2,sat,0.024562597,benchmarks/bapa/card/cvc5_mapa/fol_0000103.smt2,sat,0.025890112,bapa/card/fol_0000103.smt2 ,timeout,104.4058878,bapa/card/fol_0000103.smt2,timeout,103.8399377
bapa/card/fol_0000104.smt2,timeout,106.6496205,benchmarks/bapa/card/cvc5_mapa/fol_0000104.smt2,timeout,102.6823146,benchmarks/bapa/card/cvc5_mapa/fol_0000104.smt2,timeout,100.0576558,bapa/card/fol_0000104.smt2 ,timeout,104.4948504,bapa/card/fol_0000104.smt2,timeout,104.1591589
bapa/card/fol_0000105.smt2,timeout,104.8571048,benchmarks/bapa/card/cvc5_mapa/fol_0000105.smt2,sat,0.038024426,benchmarks/bapa/card/cvc5_mapa/fol_0000105.smt2,sat,0.040858269,bapa/card/fol_0000105.smt2 ,timeout,104.390909,bapa/card/fol_0000105.smt2,timeout,104.3462031
bapa/card/fol_0000106.smt2,timeout,105.3858585,benchmarks/bapa/card/cvc5_mapa/fol_0000106.smt2,timeout,102.579407,benchmarks/bapa/card/cvc5_mapa/fol_0000106.smt2,timeout,101.048543,bapa/card/fol_0000106.smt2 ,timeout,104.4490623,bapa/card/fol_0000106.smt2,timeout,104.3130894
bapa/card/fol_0000107.smt2,timeout,105.4718852,benchmarks/bapa/card/cvc5_mapa/fol_0000107.smt2,timeout,102.458477,benchmarks/bapa/card/cvc5_mapa/fol_0000107.smt2,timeout,100.2129107,bapa/card/fol_0000107.smt2 ,timeout,104.4783316,bapa/card/fol_0000107.smt2,timeout,105.8358843
bapa/card/fol_0000108.smt2,timeout,105.4489596,benchmarks/bapa/card/cvc5_mapa/fol_0000108.smt2,sat,0.025499105,benchmarks/bapa/card/cvc5_mapa/fol_0000108.smt2,sat,0.028442621,bapa/card/fol_0000108.smt2 ,timeout,104.2974019,bapa/card/fol_0000108.smt2,timeout,103.7329118
bapa/card/fol_0000109.smt2,timeout,105.4383583,benchmarks/bapa/card/cvc5_mapa/fol_0000109.smt2,sat,0.817466497,benchmarks/bapa/card/cvc5_mapa/fol_0000109.smt2,sat,0.538416386,bapa/card/fol_0000109.smt2 ,timeout,104.4033263,bapa/card/fol_0000109.smt2,timeout,103.9972923
bapa/card/fol_0000110.smt2,unsat,1.395848989,benchmarks/bapa/card/cvc5_mapa/fol_0000110.smt2,unsat,0.115592003,benchmarks/bapa/card/cvc5_mapa/fol_0000110.smt2,unsat,0.08240366,bapa/card/fol_0000110.smt2 ,unsat,0.487585068,bapa/card/fol_0000110.smt2,unsat,5.016211033
bapa/card/fol_0000111.smt2,timeout,105.2538848,benchmarks/bapa/card/cvc5_mapa/fol_0000111.smt2,unsat,0.171648026,benchmarks/bapa/card/cvc5_mapa/fol_0000111.smt2,unsat,0.160605907,bapa/card/fol_0000111.smt2 ,unsat,1.153488398,bapa/card/fol_0000111.smt2,timeout,104.0390146
bapa/card/fol_0000112.smt2,timeout,105.343878,benchmarks/bapa/card/cvc5_mapa/fol_0000112.smt2,unsat,0.757560968,benchmarks/bapa/card/cvc5_mapa/fol_0000112.smt2,unsat,0.52017951,bapa/card/fol_0000112.smt2 ,timeout,104.3831778,bapa/card/fol_0000112.smt2,timeout,104.0245202
bapa/card/fol_0000113.smt2,timeout,105.3210573,benchmarks/bapa/card/cvc5_mapa/fol_0000113.smt2,sat,1.029397726,benchmarks/bapa/card/cvc5_mapa/fol_0000113.smt2,sat,1.084956884,bapa/card/fol_0000113.smt2 ,timeout,105.9555385,bapa/card/fol_0000113.smt2,timeout,104.3684156
bapa/card/fol_0000114.smt2,timeout,105.3330617,benchmarks/bapa/card/cvc5_mapa/fol_0000114.smt2,unsat,0.17517519,benchmarks/bapa/card/cvc5_mapa/fol_0000114.smt2,unsat,0.183882952,bapa/card/fol_0000114.smt2 ,unsat,0.472181797,bapa/card/fol_0000114.smt2,timeout,104.4516935
bapa/card/fol_0000115.smt2,timeout,106.9647892,benchmarks/bapa/card/cvc5_mapa/fol_0000115.smt2,unsat,0.165422201,benchmarks/bapa/card/cvc5_mapa/fol_0000115.smt2,unsat,0.165783167,bapa/card/fol_0000115.smt2 ,unsat,0.462466002,bapa/card/fol_0000115.smt2,timeout,104.3505175
bapa/card/fol_0000116.smt2,timeout,105.3314342,benchmarks/bapa/card/cvc5_mapa/fol_0000116.smt2,unsat,1.024266958,benchmarks/bapa/card/cvc5_mapa/fol_0000116.smt2,unsat,1.072891474,bapa/card/fol_0000116.smt2 ,unsat,0.783916712,bapa/card/fol_0000116.smt2,timeout,104.5934155
bapa/card/fol_0000117.smt2,timeout,105.3704572,benchmarks/bapa/card/cvc5_mapa/fol_0000117.smt2,sat,0.981233597,benchmarks/bapa/card/cvc5_mapa/fol_0000117.smt2,sat,1.02862072,bapa/card/fol_0000117.smt2 ,timeout,104.4587638,bapa/card/fol_0000117.smt2,timeout,101.6037362
bapa/card/fol_0000118.smt2,timeout,105.2719505,benchmarks/bapa/card/cvc5_mapa/fol_0000118.smt2,timeout,105.490129,benchmarks/bapa/card/cvc5_mapa/fol_0000118.smt2,sat,99.12370682,bapa/card/fol_0000118.smt2 ,timeout,104.4733913,bapa/card/fol_0000118.smt2,timeout,104.2229097
bapa/card/fol_0000119.smt2,timeout,105.1402988,benchmarks/bapa/card/cvc5_mapa/fol_0000119.smt2,unsat,0.74715662,benchmarks/bapa/card/cvc5_mapa/fol_0000119.smt2,unsat,0.510104179,bapa/card/fol_0000119.smt2 ,unsat,25.65779734,bapa/card/fol_0000119.smt2,timeout,103.3152461
bapa/card/fol_0000120.smt2,timeout,105.3972669,benchmarks/bapa/card/cvc5_mapa/fol_0000120.smt2,unsat,0.947906256,benchmarks/bapa/card/cvc5_mapa/fol_0000120.smt2,unsat,0.990481377,bapa/card/fol_0000120.smt2 ,unsat,4.214821577,bapa/card/fol_0000120.smt2,timeout,103.6611218
