sls file,sls result,sls duration,z3 filename,z3 result,z3 duration,cvc5 sets filename,cvc5 sets result,cvc5 sets duration,cvc5 lia filename,cvc5 lia result,cvc5 lia duration
bapa/arith/fol_0000001.smt2,sat,0.950162888,benchmarks/bapa/arith/fol_0000001.smt2,sat,0.009689093,benchmarks/sets/arith/fol_0000001.smt2,sat,0.007301807,benchmarks/bapa/arith/cvc5_bapa/fol_0000001.smt2,sat,0.069679976
bapa/arith/fol_0000002.smt2,sat,0.769711733,benchmarks/bapa/arith/fol_0000002.smt2,sat,0.009118557,benchmarks/sets/arith/fol_0000002.smt2,sat,0.006441116,benchmarks/bapa/arith/cvc5_bapa/fol_0000002.smt2,sat,0.005398512
bapa/arith/fol_0000003.smt2,sat,0.625926733,benchmarks/bapa/arith/fol_0000003.smt2,sat,0.009640932,benchmarks/sets/arith/fol_0000003.smt2,sat,0.007882357,benchmarks/bapa/arith/cvc5_bapa/fol_0000003.smt2,sat,0.00569129
bapa/arith/fol_0000004.smt2,sat,0.812542439,benchmarks/bapa/arith/fol_0000004.smt2,sat,0.00990963,benchmarks/sets/arith/fol_0000004.smt2,sat,0.007074594,benchmarks/bapa/arith/cvc5_bapa/fol_0000004.smt2,sat,0.027934551
bapa/arith/fol_0000005.smt2,sat,0.653560877,benchmarks/bapa/arith/fol_0000005.smt2,sat,0.010007143,benchmarks/sets/arith/fol_0000005.smt2,sat,0.007844925,benchmarks/bapa/arith/cvc5_bapa/fol_0000005.smt2,sat,0.010139942
bapa/arith/fol_0000006.smt2,sat,1.067289591,benchmarks/bapa/arith/fol_0000006.smt2,sat,0.00979495,benchmarks/sets/arith/fol_0000006.smt2,sat,0.007455349,benchmarks/bapa/arith/cvc5_bapa/fol_0000006.smt2,sat,0.011750221
bapa/arith/fol_0000007.smt2,sat,0.816595078,benchmarks/bapa/arith/fol_0000007.smt2,sat,0.009725332,benchmarks/sets/arith/fol_0000007.smt2,sat,0.007860899,benchmarks/bapa/arith/cvc5_bapa/fol_0000007.smt2,sat,0.010229826
bapa/arith/fol_0000008.smt2,sat,0.649805784,benchmarks/bapa/arith/fol_0000008.smt2,sat,0.011837006,benchmarks/sets/arith/fol_0000008.smt2,sat,0.007843971,benchmarks/bapa/arith/cvc5_bapa/fol_0000008.smt2,sat,0.012340307
bapa/arith/fol_0000009.smt2,sat,0.785512686,benchmarks/bapa/arith/fol_0000009.smt2,sat,0.011898994,benchmarks/sets/arith/fol_0000009.smt2,sat,0.008380175,benchmarks/bapa/arith/cvc5_bapa/fol_0000009.smt2,sat,0.010358334
bapa/arith/fol_0000010.smt2,sat,0.671311617,benchmarks/bapa/arith/fol_0000010.smt2,sat,0.01038146,benchmarks/sets/arith/fol_0000010.smt2,sat,0.008511782,benchmarks/bapa/arith/cvc5_bapa/fol_0000010.smt2,sat,0.010064602
bapa/arith/fol_0000011.smt2,sat,0.66909194,benchmarks/bapa/arith/fol_0000011.smt2,sat,0.009939432,benchmarks/sets/arith/fol_0000011.smt2,sat,0.008408785,benchmarks/bapa/arith/cvc5_bapa/fol_0000011.smt2,sat,0.011631489
bapa/arith/fol_0000012.smt2,sat,0.681675673,benchmarks/bapa/arith/fol_0000012.smt2,sat,0.011497021,benchmarks/sets/arith/fol_0000012.smt2,sat,0.00680542,benchmarks/bapa/arith/cvc5_bapa/fol_0000012.smt2,sat,0.011926651
bapa/arith/fol_0000013.smt2,sat,0.621946096,benchmarks/bapa/arith/fol_0000013.smt2,sat,0.011349201,benchmarks/sets/arith/fol_0000013.smt2,sat,0.009332657,benchmarks/bapa/arith/cvc5_bapa/fol_0000013.smt2,sat,0.014445782
bapa/arith/fol_0000014.smt2,sat,0.168383121,benchmarks/bapa/arith/fol_0000014.smt2,sat,0.009917021,benchmarks/sets/arith/fol_0000014.smt2,sat,0.007190704,benchmarks/bapa/arith/cvc5_bapa/fol_0000014.smt2,sat,0.014088631
bapa/arith/fol_0000015.smt2,sat,1.019107342,benchmarks/bapa/arith/fol_0000015.smt2,sat,0.010113001,benchmarks/sets/arith/fol_0000015.smt2,sat,0.008286238,benchmarks/bapa/arith/cvc5_bapa/fol_0000015.smt2,sat,0.013427019
bapa/arith/fol_0000016.smt2,sat,0.852967501,benchmarks/bapa/arith/fol_0000016.smt2,sat,0.010539293,benchmarks/sets/arith/fol_0000016.smt2,sat,0.007694483,benchmarks/bapa/arith/cvc5_bapa/fol_0000016.smt2,sat,0.014516592
bapa/arith/fol_0000017.smt2,sat,0.538731337,benchmarks/bapa/arith/fol_0000017.smt2,sat,0.009337425,benchmarks/sets/arith/fol_0000017.smt2,sat,0.00893569,benchmarks/bapa/arith/cvc5_bapa/fol_0000017.smt2,sat,0.015883923
bapa/arith/fol_0000018.smt2,sat,0.938997507,benchmarks/bapa/arith/fol_0000018.smt2,sat,0.013275146,benchmarks/sets/arith/fol_0000018.smt2,sat,0.007501364,benchmarks/bapa/arith/cvc5_bapa/fol_0000018.smt2,sat,0.013687849
bapa/arith/fol_0000019.smt2,sat,0.77334404,benchmarks/bapa/arith/fol_0000019.smt2,sat,0.018450022,benchmarks/sets/arith/fol_0000019.smt2,sat,0.009297848,benchmarks/bapa/arith/cvc5_bapa/fol_0000019.smt2,sat,0.015202761
bapa/arith/fol_0000020.smt2,sat,0.170375347,benchmarks/bapa/arith/fol_0000020.smt2,sat,0.011665583,benchmarks/sets/arith/fol_0000020.smt2,sat,0.007117748,benchmarks/bapa/arith/cvc5_bapa/fol_0000020.smt2,sat,0.011584282
bapa/arith/fol_0000021.smt2,unsat,0.168876648,benchmarks/bapa/arith/fol_0000021.smt2,unsat,0.01027441,benchmarks/sets/arith/fol_0000021.smt2,unsat,0.005679607,benchmarks/bapa/arith/cvc5_bapa/fol_0000021.smt2,unsat,0.005835772
bapa/arith/fol_0000022.smt2,sat,0.402901411,benchmarks/bapa/arith/fol_0000022.smt2,sat,0.009532928,benchmarks/sets/arith/fol_0000022.smt2,sat,0.007629633,benchmarks/bapa/arith/cvc5_bapa/fol_0000022.smt2,sat,0.010817766
bapa/arith/fol_0000023.smt2,unsat,0.16443944,benchmarks/bapa/arith/fol_0000023.smt2,unsat,0.009289265,benchmarks/sets/arith/fol_0000023.smt2,unsat,0.005584717,benchmarks/bapa/arith/cvc5_bapa/fol_0000023.smt2,unsat,0.006071806
bapa/arith/fol_0000024.smt2,sat,0.650829792,benchmarks/bapa/arith/fol_0000024.smt2,sat,0.009076595,benchmarks/sets/arith/fol_0000024.smt2,sat,0.01231885,benchmarks/bapa/arith/cvc5_bapa/fol_0000024.smt2,sat,0.012418747
bapa/arith/fol_0000025.smt2,sat,0.166300535,benchmarks/bapa/arith/fol_0000025.smt2,sat,0.009530306,benchmarks/sets/arith/fol_0000025.smt2,sat,0.007770777,benchmarks/bapa/arith/cvc5_bapa/fol_0000025.smt2,sat,0.005727768
bapa/arith/fol_0000026.smt2,sat,0.374764681,benchmarks/bapa/arith/fol_0000026.smt2,sat,0.008671522,benchmarks/sets/arith/fol_0000026.smt2,sat,0.00950551,benchmarks/bapa/arith/cvc5_bapa/fol_0000026.smt2,sat,0.006210089
bapa/arith/fol_0000027.smt2,sat,0.164349318,benchmarks/bapa/arith/fol_0000027.smt2,sat,0.009395123,benchmarks/sets/arith/fol_0000027.smt2,sat,0.008926392,benchmarks/bapa/arith/cvc5_bapa/fol_0000027.smt2,sat,0.00686121
bapa/arith/fol_0000028.smt2,unsat,0.477807283,benchmarks/bapa/arith/fol_0000028.smt2,unsat,0.010492802,benchmarks/sets/arith/fol_0000028.smt2,unsat,0.006300211,benchmarks/bapa/arith/cvc5_bapa/fol_0000028.smt2,unsat,0.015862942
bapa/arith/fol_0000029.smt2,sat,0.53647542,benchmarks/bapa/arith/fol_0000029.smt2,sat,0.013117552,benchmarks/sets/arith/fol_0000029.smt2,sat,0.008884907,benchmarks/bapa/arith/cvc5_bapa/fol_0000029.smt2,sat,0.017059088
bapa/arith/fol_0000030.smt2,unsat,0.157474518,benchmarks/bapa/arith/fol_0000030.smt2,unsat,0.009963512,benchmarks/sets/arith/fol_0000030.smt2,unsat,0.007246256,benchmarks/bapa/arith/cvc5_bapa/fol_0000030.smt2,unsat,0.005099058
bapa/arith/fol_0000031.smt2,sat,0.647596836,benchmarks/bapa/arith/fol_0000031.smt2,sat,0.009988546,benchmarks/sets/arith/fol_0000031.smt2,sat,0.008751869,benchmarks/bapa/arith/cvc5_bapa/fol_0000031.smt2,sat,0.01149559
bapa/arith/fol_0000032.smt2,unsat,0.161512375,benchmarks/bapa/arith/fol_0000032.smt2,unsat,0.00938344,benchmarks/sets/arith/fol_0000032.smt2,unsat,0.007273197,benchmarks/bapa/arith/cvc5_bapa/fol_0000032.smt2,unsat,0.00479579
bapa/arith/fol_0000033.smt2,sat,0.700727463,benchmarks/bapa/arith/fol_0000033.smt2,sat,0.009873867,benchmarks/sets/arith/fol_0000033.smt2,sat,0.009008408,benchmarks/bapa/arith/cvc5_bapa/fol_0000033.smt2,sat,0.011061907
bapa/arith/fol_0000034.smt2,unsat,0.159125566,benchmarks/bapa/arith/fol_0000034.smt2,unsat,0.00860548,benchmarks/sets/arith/fol_0000034.smt2,unsat,0.006883621,benchmarks/bapa/arith/cvc5_bapa/fol_0000034.smt2,unsat,0.004746199
bapa/arith/fol_0000035.smt2,sat,0.704423189,benchmarks/bapa/arith/fol_0000035.smt2,sat,0.010091782,benchmarks/sets/arith/fol_0000035.smt2,sat,0.008246183,benchmarks/bapa/arith/cvc5_bapa/fol_0000035.smt2,sat,0.011767387
bapa/arith/fol_0000036.smt2,sat,0.781154633,benchmarks/bapa/arith/fol_0000036.smt2,sat,0.009613037,benchmarks/sets/arith/fol_0000036.smt2,sat,0.011546373,benchmarks/bapa/arith/cvc5_bapa/fol_0000036.smt2,sat,0.005536318
bapa/arith/fol_0000037.smt2,sat,0.616259575,benchmarks/bapa/arith/fol_0000037.smt2,sat,0.00918889,benchmarks/sets/arith/fol_0000037.smt2,sat,0.010808706,benchmarks/bapa/arith/cvc5_bapa/fol_0000037.smt2,sat,0.011333466
bapa/arith/fol_0000038.smt2,unsat,0.159678698,benchmarks/bapa/arith/fol_0000038.smt2,unsat,0.009401798,benchmarks/sets/arith/fol_0000038.smt2,unsat,0.008522272,benchmarks/bapa/arith/cvc5_bapa/fol_0000038.smt2,unsat,0.005030155
bapa/arith/fol_0000039.smt2,sat,0.541123152,benchmarks/bapa/arith/fol_0000039.smt2,sat,0.009680986,benchmarks/sets/arith/fol_0000039.smt2,sat,0.010418653,benchmarks/bapa/arith/cvc5_bapa/fol_0000039.smt2,sat,0.011230707
bapa/arith/fol_0000040.smt2,unsat,0.163501263,benchmarks/bapa/arith/fol_0000040.smt2,unsat,0.009633303,benchmarks/sets/arith/fol_0000040.smt2,unsat,0.005055904,benchmarks/bapa/arith/cvc5_bapa/fol_0000040.smt2,unsat,0.004947901
bapa/arith/fol_0000041.smt2,sat,0.817776442,benchmarks/bapa/arith/fol_0000041.smt2,sat,0.010144949,benchmarks/sets/arith/fol_0000041.smt2,sat,0.009593964,benchmarks/bapa/arith/cvc5_bapa/fol_0000041.smt2,sat,0.011270046
bapa/arith/fol_0000042.smt2,sat,0.210678816,benchmarks/bapa/arith/fol_0000042.smt2,sat,0.008993864,benchmarks/sets/arith/fol_0000042.smt2,sat,0.009741545,benchmarks/bapa/arith/cvc5_bapa/fol_0000042.smt2,sat,0.005269527
bapa/arith/fol_0000043.smt2,sat,0.166386843,benchmarks/bapa/arith/fol_0000043.smt2,sat,0.014441729,benchmarks/sets/arith/fol_0000043.smt2,sat,0.008033991,benchmarks/bapa/arith/cvc5_bapa/fol_0000043.smt2,sat,0.016462326
bapa/arith/fol_0000044.smt2,sat,0.622933865,benchmarks/bapa/arith/fol_0000044.smt2,sat,0.009493828,benchmarks/sets/arith/fol_0000044.smt2,sat,0.007346869,benchmarks/bapa/arith/cvc5_bapa/fol_0000044.smt2,sat,0.011048079
bapa/arith/fol_0000045.smt2,unsat,0.222692728,benchmarks/bapa/arith/fol_0000045.smt2,unsat,0.010182142,benchmarks/sets/arith/fol_0000045.smt2,unsat,0.006947279,benchmarks/bapa/arith/cvc5_bapa/fol_0000045.smt2,unsat,0.016541243
bapa/arith/fol_0000046.smt2,sat,0.179924726,benchmarks/bapa/arith/fol_0000046.smt2,sat,0.013163328,benchmarks/sets/arith/fol_0000046.smt2,sat,0.007816792,benchmarks/bapa/arith/cvc5_bapa/fol_0000046.smt2,sat,0.017996073
bapa/arith/fol_0000047.smt2,unsat,0.225598335,benchmarks/bapa/arith/fol_0000047.smt2,unsat,0.010739565,benchmarks/sets/arith/fol_0000047.smt2,unsat,0.007229328,benchmarks/bapa/arith/cvc5_bapa/fol_0000047.smt2,unsat,0.016539097
bapa/arith/fol_0000048.smt2,sat,0.435574532,benchmarks/bapa/arith/fol_0000048.smt2,sat,0.014186621,benchmarks/sets/arith/fol_0000048.smt2,sat,0.009955883,benchmarks/bapa/arith/cvc5_bapa/fol_0000048.smt2,sat,0.020287752
bapa/arith/fol_0000049.smt2,sat,0.521565437,benchmarks/bapa/arith/fol_0000049.smt2,sat,0.013944149,benchmarks/sets/arith/fol_0000049.smt2,sat,0.009359598,benchmarks/bapa/arith/cvc5_bapa/fol_0000049.smt2,sat,0.021700144
bapa/arith/fol_0000050.smt2,sat,1.099806786,benchmarks/bapa/arith/fol_0000050.smt2,sat,0.009934425,benchmarks/sets/arith/fol_0000050.smt2,sat,0.007632732,benchmarks/bapa/arith/cvc5_bapa/fol_0000050.smt2,sat,0.006611347
bapa/arith/fol_0000051.smt2,sat,0.585183382,benchmarks/bapa/arith/fol_0000051.smt2,sat,0.013641596,benchmarks/sets/arith/fol_0000051.smt2,sat,0.008232355,benchmarks/bapa/arith/cvc5_bapa/fol_0000051.smt2,sat,0.017671824
bapa/arith/fol_0000052.smt2,sat,0.559883595,benchmarks/bapa/arith/fol_0000052.smt2,sat,0.015089512,benchmarks/sets/arith/fol_0000052.smt2,sat,0.007656097,benchmarks/bapa/arith/cvc5_bapa/fol_0000052.smt2,sat,0.018644094
bapa/arith/fol_0000053.smt2,sat,0.427938938,benchmarks/bapa/arith/fol_0000053.smt2,sat,0.014770269,benchmarks/sets/arith/fol_0000053.smt2,sat,0.008700848,benchmarks/bapa/arith/cvc5_bapa/fol_0000053.smt2,sat,0.018173218
bapa/arith/fol_0000054.smt2,sat,0.183412552,benchmarks/bapa/arith/fol_0000054.smt2,sat,0.014461279,benchmarks/sets/arith/fol_0000054.smt2,sat,0.00873208,benchmarks/bapa/arith/cvc5_bapa/fol_0000054.smt2,sat,0.018499851
bapa/arith/fol_0000055.smt2,unsat,0.173550844,benchmarks/bapa/arith/fol_0000055.smt2,unsat,0.008769512,benchmarks/sets/arith/fol_0000055.smt2,unsat,0.006558895,benchmarks/bapa/arith/cvc5_bapa/fol_0000055.smt2,unsat,0.006123304
bapa/arith/fol_0000056.smt2,sat,0.726960897,benchmarks/bapa/arith/fol_0000056.smt2,sat,0.012721777,benchmarks/sets/arith/fol_0000056.smt2,sat,0.007095814,benchmarks/bapa/arith/cvc5_bapa/fol_0000056.smt2,sat,0.010964632
bapa/arith/fol_0000057.smt2,sat,0.396816015,benchmarks/bapa/arith/fol_0000057.smt2,sat,0.013518333,benchmarks/sets/arith/fol_0000057.smt2,sat,0.007861853,benchmarks/bapa/arith/cvc5_bapa/fol_0000057.smt2,sat,0.018004417
bapa/arith/fol_0000058.smt2,unsat,0.475367546,benchmarks/bapa/arith/fol_0000058.smt2,unsat,0.01073432,benchmarks/sets/arith/fol_0000058.smt2,unsat,0.005277872,benchmarks/bapa/arith/cvc5_bapa/fol_0000058.smt2,unsat,0.016402721
bapa/arith/fol_0000059.smt2,unsat,0.148128033,benchmarks/bapa/arith/fol_0000059.smt2,unsat,0.009094954,benchmarks/sets/arith/fol_0000059.smt2,unsat,0.00434804,benchmarks/bapa/arith/cvc5_bapa/fol_0000059.smt2,unsat,0.005041599
bapa/arith/fol_0000060.smt2,unsat,0.225293398,benchmarks/bapa/arith/fol_0000060.smt2,unsat,0.011303663,benchmarks/sets/arith/fol_0000060.smt2,unsat,0.006942749,benchmarks/bapa/arith/cvc5_bapa/fol_0000060.smt2,unsat,0.015878201
bapa/arith/fol_0000061.smt2,unsat,0.48226738,benchmarks/bapa/arith/fol_0000061.smt2,unsat,0.010364771,benchmarks/sets/arith/fol_0000061.smt2,unsat,0.005151033,benchmarks/bapa/arith/cvc5_bapa/fol_0000061.smt2,unsat,0.01619339
bapa/arith/fol_0000062.smt2,sat,0.423619509,benchmarks/bapa/arith/fol_0000062.smt2,sat,0.01420188,benchmarks/sets/arith/fol_0000062.smt2,sat,0.007546186,benchmarks/bapa/arith/cvc5_bapa/fol_0000062.smt2,sat,0.017961025
bapa/arith/fol_0000063.smt2,unsat,0.234367132,benchmarks/bapa/arith/fol_0000063.smt2,unsat,0.010623217,benchmarks/sets/arith/fol_0000063.smt2,unsat,0.007084608,benchmarks/bapa/arith/cvc5_bapa/fol_0000063.smt2,unsat,0.015918016
bapa/arith/fol_0000064.smt2,unsat,0.154964685,benchmarks/bapa/arith/fol_0000064.smt2,unsat,0.010082006,benchmarks/sets/arith/fol_0000064.smt2,unsat,0.005014896,benchmarks/bapa/arith/cvc5_bapa/fol_0000064.smt2,unsat,0.005131721
bapa/arith/fol_0000065.smt2,unsat,0.477834463,benchmarks/bapa/arith/fol_0000065.smt2,unsat,0.010475159,benchmarks/sets/arith/fol_0000065.smt2,unsat,0.006371498,benchmarks/bapa/arith/cvc5_bapa/fol_0000065.smt2,unsat,0.016440868
bapa/arith/fol_0000066.smt2,unsat,0.596507311,benchmarks/bapa/arith/fol_0000066.smt2,unsat,0.011207342,benchmarks/sets/arith/fol_0000066.smt2,unsat,0.005828619,benchmarks/bapa/arith/cvc5_bapa/fol_0000066.smt2,unsat,0.017849922
bapa/arith/fol_0000067.smt2,unsat,0.614588737,benchmarks/bapa/arith/fol_0000067.smt2,unsat,0.01120162,benchmarks/sets/arith/fol_0000067.smt2,unsat,0.004870176,benchmarks/bapa/arith/cvc5_bapa/fol_0000067.smt2,unsat,0.01646781
bapa/arith/fol_0000068.smt2,unsat,0.224014282,benchmarks/bapa/arith/fol_0000068.smt2,unsat,0.010696411,benchmarks/sets/arith/fol_0000068.smt2,unsat,0.005682468,benchmarks/bapa/arith/cvc5_bapa/fol_0000068.smt2,unsat,0.01617384
bapa/arith/fol_0000069.smt2,sat,0.561627865,benchmarks/bapa/arith/fol_0000069.smt2,sat,0.014245272,benchmarks/sets/arith/fol_0000069.smt2,sat,0.007827759,benchmarks/bapa/arith/cvc5_bapa/fol_0000069.smt2,sat,0.016974926
bapa/arith/fol_0000070.smt2,unsat,0.218967915,benchmarks/bapa/arith/fol_0000070.smt2,unsat,0.011187077,benchmarks/sets/arith/fol_0000070.smt2,unsat,0.005162239,benchmarks/bapa/arith/cvc5_bapa/fol_0000070.smt2,unsat,0.017230272
bapa/arith/fol_0000071.smt2,sat,0.520269632,benchmarks/bapa/arith/fol_0000071.smt2,sat,0.013730049,benchmarks/sets/arith/fol_0000071.smt2,sat,0.008019924,benchmarks/bapa/arith/cvc5_bapa/fol_0000071.smt2,sat,0.019210815
bapa/arith/fol_0000072.smt2,sat,0.191739082,benchmarks/bapa/arith/fol_0000072.smt2,sat,0.014661312,benchmarks/sets/arith/fol_0000072.smt2,sat,0.007860422,benchmarks/bapa/arith/cvc5_bapa/fol_0000072.smt2,sat,0.017850637
bapa/arith/fol_0000073.smt2,sat,0.607905865,benchmarks/bapa/arith/fol_0000073.smt2,sat,0.009354591,benchmarks/sets/arith/fol_0000073.smt2,sat,0.009553432,benchmarks/bapa/arith/cvc5_bapa/fol_0000073.smt2,sat,0.006277561
bapa/arith/fol_0000074.smt2,sat,0.437186241,benchmarks/bapa/arith/fol_0000074.smt2,sat,0.014617205,benchmarks/sets/arith/fol_0000074.smt2,sat,0.007786274,benchmarks/bapa/arith/cvc5_bapa/fol_0000074.smt2,sat,0.01841712
bapa/arith/fol_0000075.smt2,sat,0.561538458,benchmarks/bapa/arith/fol_0000075.smt2,sat,0.013832569,benchmarks/sets/arith/fol_0000075.smt2,sat,0.008711576,benchmarks/bapa/arith/cvc5_bapa/fol_0000075.smt2,sat,0.016858816
bapa/arith/fol_0000076.smt2,sat,0.749708176,benchmarks/bapa/arith/fol_0000076.smt2,sat,0.013538837,benchmarks/sets/arith/fol_0000076.smt2,sat,0.007443905,benchmarks/bapa/arith/cvc5_bapa/fol_0000076.smt2,sat,0.017513514
bapa/arith/fol_0000077.smt2,sat,0.52869153,benchmarks/bapa/arith/fol_0000077.smt2,sat,0.014026642,benchmarks/sets/arith/fol_0000077.smt2,sat,0.009468555,benchmarks/bapa/arith/cvc5_bapa/fol_0000077.smt2,sat,0.018405199
bapa/arith/fol_0000078.smt2,unsat,0.172142267,benchmarks/bapa/arith/fol_0000078.smt2,unsat,0.008751392,benchmarks/sets/arith/fol_0000078.smt2,unsat,0.005365133,benchmarks/bapa/arith/cvc5_bapa/fol_0000078.smt2,unsat,0.006656647
bapa/arith/fol_0000079.smt2,sat,0.914890051,benchmarks/bapa/arith/fol_0000079.smt2,sat,0.011762142,benchmarks/sets/arith/fol_0000079.smt2,sat,0.009715796,benchmarks/bapa/arith/cvc5_bapa/fol_0000079.smt2,sat,0.012456179
bapa/arith/fol_0000080.smt2,sat,0.181572437,benchmarks/bapa/arith/fol_0000080.smt2,sat,0.009176016,benchmarks/sets/arith/fol_0000080.smt2,sat,0.007671595,benchmarks/bapa/arith/cvc5_bapa/fol_0000080.smt2,sat,0.012077093
bapa/arith/fol_0000081.smt2,unsat,0.158494234,benchmarks/bapa/arith/fol_0000081.smt2,unsat,0.008897781,benchmarks/sets/arith/fol_0000081.smt2,unsat,0.004762411,benchmarks/bapa/arith/cvc5_bapa/fol_0000081.smt2,unsat,0.006008148
bapa/arith/fol_0000082.smt2,sat,0.685126305,benchmarks/bapa/arith/fol_0000082.smt2,sat,0.010391712,benchmarks/sets/arith/fol_0000082.smt2,sat,0.009201288,benchmarks/bapa/arith/cvc5_bapa/fol_0000082.smt2,sat,0.013499737
bapa/arith/fol_0000083.smt2,unsat,0.170545578,benchmarks/bapa/arith/fol_0000083.smt2,unsat,0.008481264,benchmarks/sets/arith/fol_0000083.smt2,unsat,0.00585103,benchmarks/bapa/arith/cvc5_bapa/fol_0000083.smt2,unsat,0.006638288
bapa/arith/fol_0000084.smt2,sat,0.183407545,benchmarks/bapa/arith/fol_0000084.smt2,sat,0.013531208,benchmarks/sets/arith/fol_0000084.smt2,sat,0.008278847,benchmarks/bapa/arith/cvc5_bapa/fol_0000084.smt2,sat,0.017441273
bapa/arith/fol_0000085.smt2,unsat,0.488446712,benchmarks/bapa/arith/fol_0000085.smt2,unsat,0.010717869,benchmarks/sets/arith/fol_0000085.smt2,unsat,0.005294085,benchmarks/bapa/arith/cvc5_bapa/fol_0000085.smt2,unsat,0.0160501
bapa/arith/fol_0000086.smt2,unsat,0.213155985,benchmarks/bapa/arith/fol_0000086.smt2,unsat,0.010302305,benchmarks/sets/arith/fol_0000086.smt2,unsat,0.007445097,benchmarks/bapa/arith/cvc5_bapa/fol_0000086.smt2,unsat,0.017138481
bapa/arith/fol_0000087.smt2,unsat,0.167502403,benchmarks/bapa/arith/fol_0000087.smt2,unsat,0.009073019,benchmarks/sets/arith/fol_0000087.smt2,unsat,0.005010843,benchmarks/bapa/arith/cvc5_bapa/fol_0000087.smt2,unsat,0.00495863
bapa/arith/fol_0000088.smt2,unsat,0.486427069,benchmarks/bapa/arith/fol_0000088.smt2,unsat,0.010884047,benchmarks/sets/arith/fol_0000088.smt2,unsat,0.004753828,benchmarks/bapa/arith/cvc5_bapa/fol_0000088.smt2,unsat,0.015346766
bapa/arith/fol_0000089.smt2,unsat,0.616290331,benchmarks/bapa/arith/fol_0000089.smt2,unsat,0.01048255,benchmarks/sets/arith/fol_0000089.smt2,unsat,0.007379532,benchmarks/bapa/arith/cvc5_bapa/fol_0000089.smt2,unsat,0.015867472
bapa/arith/fol_0000090.smt2,sat,0.698922157,benchmarks/bapa/arith/fol_0000090.smt2,sat,0.010053635,benchmarks/sets/arith/fol_0000090.smt2,sat,0.006517649,benchmarks/bapa/arith/cvc5_bapa/fol_0000090.smt2,sat,0.010951281
bapa/arith/fol_0000091.smt2,unsat,0.169023514,benchmarks/bapa/arith/fol_0000091.smt2,unsat,0.009313345,benchmarks/sets/arith/fol_0000091.smt2,unsat,0.005253315,benchmarks/bapa/arith/cvc5_bapa/fol_0000091.smt2,unsat,0.004832745
bapa/arith/fol_0000092.smt2,unsat,0.169328451,benchmarks/bapa/arith/fol_0000092.smt2,unsat,0.00999999,benchmarks/sets/arith/fol_0000092.smt2,unsat,0.00656414,benchmarks/bapa/arith/cvc5_bapa/fol_0000092.smt2,unsat,0.004624128
bapa/arith/fol_0000093.smt2,unsat,0.167955637,benchmarks/bapa/arith/fol_0000093.smt2,unsat,0.009755373,benchmarks/sets/arith/fol_0000093.smt2,unsat,0.005259514,benchmarks/bapa/arith/cvc5_bapa/fol_0000093.smt2,unsat,0.0053792
bapa/arith/fol_0000094.smt2,unsat,0.230249405,benchmarks/bapa/arith/fol_0000094.smt2,unsat,0.010676861,benchmarks/sets/arith/fol_0000094.smt2,unsat,0.006370544,benchmarks/bapa/arith/cvc5_bapa/fol_0000094.smt2,unsat,0.015567541
bapa/arith/fol_0000095.smt2,unsat,0.59224534,benchmarks/bapa/arith/fol_0000095.smt2,unsat,0.0111022,benchmarks/sets/arith/fol_0000095.smt2,unsat,0.005252361,benchmarks/bapa/arith/cvc5_bapa/fol_0000095.smt2,unsat,0.016735077
bapa/arith/fol_0000096.smt2,sat,0.42046833,benchmarks/bapa/arith/fol_0000096.smt2,sat,0.014249563,benchmarks/sets/arith/fol_0000096.smt2,sat,0.006404877,benchmarks/bapa/arith/cvc5_bapa/fol_0000096.smt2,sat,0.017605305
bapa/arith/fol_0000097.smt2,unsat,0.474200249,benchmarks/bapa/arith/fol_0000097.smt2,unsat,0.011008739,benchmarks/sets/arith/fol_0000097.smt2,unsat,0.00696373,benchmarks/bapa/arith/cvc5_bapa/fol_0000097.smt2,unsat,0.016774654
bapa/arith/fol_0000098.smt2,unsat,0.465357542,benchmarks/bapa/arith/fol_0000098.smt2,unsat,0.010558844,benchmarks/sets/arith/fol_0000098.smt2,unsat,0.005510807,benchmarks/bapa/arith/cvc5_bapa/fol_0000098.smt2,unsat,0.016564369
bapa/arith/fol_0000099.smt2,sat,0.445461988,benchmarks/bapa/arith/fol_0000099.smt2,sat,0.014988661,benchmarks/sets/arith/fol_0000099.smt2,sat,0.006639242,benchmarks/bapa/arith/cvc5_bapa/fol_0000099.smt2,sat,0.016849041
bapa/arith/fol_0000100.smt2,sat,0.449732542,benchmarks/bapa/arith/fol_0000100.smt2,sat,0.013827324,benchmarks/sets/arith/fol_0000100.smt2,sat,0.009243727,benchmarks/bapa/arith/cvc5_bapa/fol_0000100.smt2,sat,0.017857313
bapa/arith/fol_0000101.smt2,sat,1.283843517,benchmarks/bapa/arith/fol_0000101.smt2,sat,0.01000452,benchmarks/sets/arith/fol_0000101.smt2,sat,0.007658958,benchmarks/bapa/arith/cvc5_bapa/fol_0000101.smt2,sat,0.006211758
bapa/arith/fol_0000102.smt2,sat,0.586960077,benchmarks/bapa/arith/fol_0000102.smt2,sat,0.013046741,benchmarks/sets/arith/fol_0000102.smt2,sat,0.00890708,benchmarks/bapa/arith/cvc5_bapa/fol_0000102.smt2,sat,0.017400026
bapa/arith/fol_0000103.smt2,sat,0.563668728,benchmarks/bapa/arith/fol_0000103.smt2,sat,0.013671398,benchmarks/sets/arith/fol_0000103.smt2,sat,0.007910252,benchmarks/bapa/arith/cvc5_bapa/fol_0000103.smt2,sat,0.01716423
bapa/arith/fol_0000104.smt2,sat,0.204561949,benchmarks/bapa/arith/fol_0000104.smt2,sat,0.013408422,benchmarks/sets/arith/fol_0000104.smt2,sat,0.008556604,benchmarks/bapa/arith/cvc5_bapa/fol_0000104.smt2,sat,0.01886797
bapa/arith/fol_0000105.smt2,sat,0.198724747,benchmarks/bapa/arith/fol_0000105.smt2,sat,0.013985634,benchmarks/sets/arith/fol_0000105.smt2,sat,0.007865191,benchmarks/bapa/arith/cvc5_bapa/fol_0000105.smt2,sat,0.018416643
bapa/arith/fol_0000106.smt2,sat,0.436177254,benchmarks/bapa/arith/fol_0000106.smt2,sat,0.013339281,benchmarks/sets/arith/fol_0000106.smt2,sat,0.009536505,benchmarks/bapa/arith/cvc5_bapa/fol_0000106.smt2,sat,0.019419432
bapa/arith/fol_0000107.smt2,unsat,0.169086456,benchmarks/bapa/arith/fol_0000107.smt2,unsat,0.009135723,benchmarks/sets/arith/fol_0000107.smt2,unsat,0.004818916,benchmarks/bapa/arith/cvc5_bapa/fol_0000107.smt2,unsat,0.005537033
bapa/arith/fol_0000108.smt2,sat,0.991780281,benchmarks/bapa/arith/fol_0000108.smt2,sat,0.009803057,benchmarks/sets/arith/fol_0000108.smt2,sat,0.008954287,benchmarks/bapa/arith/cvc5_bapa/fol_0000108.smt2,sat,0.013021469
bapa/arith/fol_0000109.smt2,sat,0.427903175,benchmarks/bapa/arith/fol_0000109.smt2,sat,0.01308465,benchmarks/sets/arith/fol_0000109.smt2,sat,0.007040024,benchmarks/bapa/arith/cvc5_bapa/fol_0000109.smt2,sat,0.017553329
bapa/arith/fol_0000110.smt2,unsat,0.602977753,benchmarks/bapa/arith/fol_0000110.smt2,unsat,0.009919882,benchmarks/sets/arith/fol_0000110.smt2,unsat,0.007019997,benchmarks/bapa/arith/cvc5_bapa/fol_0000110.smt2,unsat,0.016615629
bapa/arith/fol_0000111.smt2,unsat,0.168591261,benchmarks/bapa/arith/fol_0000111.smt2,unsat,0.009020329,benchmarks/sets/arith/fol_0000111.smt2,unsat,0.005256653,benchmarks/bapa/arith/cvc5_bapa/fol_0000111.smt2,unsat,0.004853964
bapa/arith/fol_0000112.smt2,unsat,0.234937191,benchmarks/bapa/arith/fol_0000112.smt2,unsat,0.010806084,benchmarks/sets/arith/fol_0000112.smt2,unsat,0.00497508,benchmarks/bapa/arith/cvc5_bapa/fol_0000112.smt2,unsat,0.01629138
bapa/arith/fol_0000113.smt2,sat,0.732782125,benchmarks/bapa/arith/fol_0000113.smt2,sat,0.008979559,benchmarks/sets/arith/fol_0000113.smt2,sat,0.008749485,benchmarks/bapa/arith/cvc5_bapa/fol_0000113.smt2,sat,0.011529684
bapa/arith/fol_0000114.smt2,unsat,0.175110579,benchmarks/bapa/arith/fol_0000114.smt2,unsat,0.008760929,benchmarks/sets/arith/fol_0000114.smt2,unsat,0.004958153,benchmarks/bapa/arith/cvc5_bapa/fol_0000114.smt2,unsat,0.00530982
bapa/arith/fol_0000115.smt2,unsat,0.17209506,benchmarks/bapa/arith/fol_0000115.smt2,unsat,0.00864625,benchmarks/sets/arith/fol_0000115.smt2,unsat,0.00524354,benchmarks/bapa/arith/cvc5_bapa/fol_0000115.smt2,unsat,0.005669832
bapa/arith/fol_0000116.smt2,unsat,0.164598465,benchmarks/bapa/arith/fol_0000116.smt2,unsat,0.009234428,benchmarks/sets/arith/fol_0000116.smt2,unsat,0.006002665,benchmarks/bapa/arith/cvc5_bapa/fol_0000116.smt2,unsat,0.005805016
bapa/arith/fol_0000117.smt2,sat,0.674579144,benchmarks/bapa/arith/fol_0000117.smt2,sat,0.009021997,benchmarks/sets/arith/fol_0000117.smt2,sat,0.007030487,benchmarks/bapa/arith/cvc5_bapa/fol_0000117.smt2,sat,0.012486696
bapa/arith/fol_0000118.smt2,sat,0.172683477,benchmarks/bapa/arith/fol_0000118.smt2,sat,0.01386714,benchmarks/sets/arith/fol_0000118.smt2,sat,0.00865078,benchmarks/bapa/arith/cvc5_bapa/fol_0000118.smt2,sat,0.018019199
bapa/arith/fol_0000119.smt2,unsat,0.582742691,benchmarks/bapa/arith/fol_0000119.smt2,unsat,0.011196852,benchmarks/sets/arith/fol_0000119.smt2,unsat,0.005077362,benchmarks/bapa/arith/cvc5_bapa/fol_0000119.smt2,unsat,0.017608881
bapa/arith/fol_0000120.smt2,unsat,0.160032034,benchmarks/bapa/arith/fol_0000120.smt2,unsat,0.009390831,benchmarks/sets/arith/fol_0000120.smt2,unsat,0.005014181,benchmarks/bapa/arith/cvc5_bapa/fol_0000120.smt2,unsat,0.00541687
bapa/card/fol_0000001.smt2,sat,0.836117744,benchmarks/bapa/card/fol_0000001.smt2,sat,0.009591103,benchmarks/sets/card/fol_0000001.smt2,sat,0.006735325,benchmarks/bapa/card/cvc5_bapa/fol_0000001.smt2,sat,0.006309509
bapa/card/fol_0000002.smt2,sat,0.753454685,benchmarks/bapa/card/fol_0000002.smt2,sat,0.009430647,benchmarks/sets/card/fol_0000002.smt2,sat,0.005783081,benchmarks/bapa/card/cvc5_bapa/fol_0000002.smt2,sat,0.006106138
bapa/card/fol_0000003.smt2,sat,0.612024784,benchmarks/bapa/card/fol_0000003.smt2,sat,0.008939981,benchmarks/sets/card/fol_0000003.smt2,sat,0.007448912,benchmarks/bapa/card/cvc5_bapa/fol_0000003.smt2,sat,0.005233765
bapa/card/fol_0000004.smt2,sat,0.809396744,benchmarks/bapa/card/fol_0000004.smt2,sat,0.009488344,benchmarks/sets/card/fol_0000004.smt2,sat,0.007998943,benchmarks/bapa/card/cvc5_bapa/fol_0000004.smt2,sat,0.011244774
bapa/card/fol_0000005.smt2,sat,0.642619848,benchmarks/bapa/card/fol_0000005.smt2,sat,0.008633375,benchmarks/sets/card/fol_0000005.smt2,sat,0.007320404,benchmarks/bapa/card/cvc5_bapa/fol_0000005.smt2,sat,0.010694981
bapa/card/fol_0000006.smt2,sat,0.564903021,benchmarks/bapa/card/fol_0000006.smt2,sat,0.009894133,benchmarks/sets/card/fol_0000006.smt2,sat,0.007455587,benchmarks/bapa/card/cvc5_bapa/fol_0000006.smt2,sat,0.01056385
bapa/card/fol_0000007.smt2,sat,0.805325508,benchmarks/bapa/card/fol_0000007.smt2,sat,0.009590626,benchmarks/sets/card/fol_0000007.smt2,sat,0.007301331,benchmarks/bapa/card/cvc5_bapa/fol_0000007.smt2,sat,0.011638403
bapa/card/fol_0000008.smt2,sat,0.642508268,benchmarks/bapa/card/fol_0000008.smt2,sat,0.008874893,benchmarks/sets/card/fol_0000008.smt2,sat,0.007858515,benchmarks/bapa/card/cvc5_bapa/fol_0000008.smt2,sat,0.011126757
bapa/card/fol_0000009.smt2,sat,0.795422316,benchmarks/bapa/card/fol_0000009.smt2,sat,0.010171652,benchmarks/sets/card/fol_0000009.smt2,sat,0.005966663,benchmarks/bapa/card/cvc5_bapa/fol_0000009.smt2,sat,0.010390043
bapa/card/fol_0000010.smt2,sat,0.653410196,benchmarks/bapa/card/fol_0000010.smt2,sat,0.009281158,benchmarks/sets/card/fol_0000010.smt2,sat,0.007390022,benchmarks/bapa/card/cvc5_bapa/fol_0000010.smt2,sat,0.011651993
bapa/card/fol_0000011.smt2,sat,0.665361404,benchmarks/bapa/card/fol_0000011.smt2,sat,0.009600878,benchmarks/sets/card/fol_0000011.smt2,sat,0.006096363,benchmarks/bapa/card/cvc5_bapa/fol_0000011.smt2,sat,0.0114398
bapa/card/fol_0000012.smt2,sat,0.670479536,benchmarks/bapa/card/fol_0000012.smt2,sat,0.009959459,benchmarks/sets/card/fol_0000012.smt2,sat,0.006876945,benchmarks/bapa/card/cvc5_bapa/fol_0000012.smt2,sat,0.010071278
bapa/card/fol_0000013.smt2,sat,0.615470886,benchmarks/bapa/card/fol_0000013.smt2,sat,0.008659124,benchmarks/sets/card/fol_0000013.smt2,sat,0.006982803,benchmarks/bapa/card/cvc5_bapa/fol_0000013.smt2,sat,0.011133671
bapa/card/fol_0000014.smt2,sat,0.166803837,benchmarks/bapa/card/fol_0000014.smt2,sat,0.010179281,benchmarks/sets/card/fol_0000014.smt2,sat,0.007150412,benchmarks/bapa/card/cvc5_bapa/fol_0000014.smt2,sat,0.010549784
bapa/card/fol_0000015.smt2,sat,1.013340235,benchmarks/bapa/card/fol_0000015.smt2,sat,0.010458469,benchmarks/sets/card/fol_0000015.smt2,sat,0.00787282,benchmarks/bapa/card/cvc5_bapa/fol_0000015.smt2,sat,0.011851549
bapa/card/fol_0000016.smt2,sat,0.847242832,benchmarks/bapa/card/fol_0000016.smt2,sat,0.010229826,benchmarks/sets/card/fol_0000016.smt2,sat,0.007640362,benchmarks/bapa/card/cvc5_bapa/fol_0000016.smt2,sat,0.011985302
bapa/card/fol_0000017.smt2,sat,0.532725096,benchmarks/bapa/card/fol_0000017.smt2,sat,0.009843826,benchmarks/sets/card/fol_0000017.smt2,sat,0.008672237,benchmarks/bapa/card/cvc5_bapa/fol_0000017.smt2,sat,0.010893583
bapa/card/fol_0000018.smt2,sat,0.946737528,benchmarks/bapa/card/fol_0000018.smt2,sat,0.009197474,benchmarks/sets/card/fol_0000018.smt2,sat,0.007236242,benchmarks/bapa/card/cvc5_bapa/fol_0000018.smt2,sat,0.010087013
bapa/card/fol_0000019.smt2,sat,0.751132727,benchmarks/bapa/card/fol_0000019.smt2,sat,0.01162982,benchmarks/sets/card/fol_0000019.smt2,sat,0.009038687,benchmarks/bapa/card/cvc5_bapa/fol_0000019.smt2,sat,0.011998177
bapa/card/fol_0000020.smt2,sat,0.171834707,benchmarks/bapa/card/fol_0000020.smt2,sat,0.010196924,benchmarks/sets/card/fol_0000020.smt2,sat,0.0063169,benchmarks/bapa/card/cvc5_bapa/fol_0000020.smt2,sat,0.010793686
bapa/card/fol_0000021.smt2,unsat,0.162262201,benchmarks/bapa/card/fol_0000021.smt2,unsat,0.008583784,benchmarks/sets/card/fol_0000021.smt2,unsat,0.005697012,benchmarks/bapa/card/cvc5_bapa/fol_0000021.smt2,unsat,0.005315781
bapa/card/fol_0000022.smt2,sat,0.407185316,benchmarks/bapa/card/fol_0000022.smt2,sat,0.009778738,benchmarks/sets/card/fol_0000022.smt2,sat,0.006447315,benchmarks/bapa/card/cvc5_bapa/fol_0000022.smt2,sat,0.010679007
bapa/card/fol_0000023.smt2,unsat,0.705085754,benchmarks/bapa/card/fol_0000023.smt2,unsat,0.00830698,benchmarks/sets/card/fol_0000023.smt2,unsat,0.00537014,benchmarks/bapa/card/cvc5_bapa/fol_0000023.smt2,unsat,0.005271912
bapa/card/fol_0000024.smt2,sat,0.650100231,benchmarks/bapa/card/fol_0000024.smt2,sat,0.010664463,benchmarks/sets/card/fol_0000024.smt2,sat,0.010208845,benchmarks/bapa/card/cvc5_bapa/fol_0000024.smt2,sat,0.011536598
bapa/card/fol_0000025.smt2,sat,0.160715103,benchmarks/bapa/card/fol_0000025.smt2,sat,0.009765387,benchmarks/sets/card/fol_0000025.smt2,sat,0.006184816,benchmarks/bapa/card/cvc5_bapa/fol_0000025.smt2,sat,0.005276918
bapa/card/fol_0000026.smt2,sat,0.385985136,benchmarks/bapa/card/fol_0000026.smt2,sat,0.009730339,benchmarks/sets/card/fol_0000026.smt2,sat,0.00795126,benchmarks/bapa/card/cvc5_bapa/fol_0000026.smt2,sat,0.004919291
bapa/card/fol_0000027.smt2,sat,0.166871786,benchmarks/bapa/card/fol_0000027.smt2,sat,0.010195255,benchmarks/sets/card/fol_0000027.smt2,sat,0.006563425,benchmarks/bapa/card/cvc5_bapa/fol_0000027.smt2,sat,0.006944418
bapa/card/fol_0000028.smt2,unsat,0.481981277,benchmarks/bapa/card/fol_0000028.smt2,unsat,0.010642529,benchmarks/sets/card/fol_0000028.smt2,unsat,0.006114244,benchmarks/bapa/card/cvc5_bapa/fol_0000028.smt2,unsat,0.016016722
bapa/card/fol_0000029.smt2,sat,0.546949863,benchmarks/bapa/card/fol_0000029.smt2,sat,0.014901161,benchmarks/sets/card/fol_0000029.smt2,sat,0.007895947,benchmarks/bapa/card/cvc5_bapa/fol_0000029.smt2,sat,0.016777992
bapa/card/fol_0000030.smt2,unsat,0.159840584,benchmarks/bapa/card/fol_0000030.smt2,unsat,0.00971961,benchmarks/sets/card/fol_0000030.smt2,unsat,0.004420519,benchmarks/bapa/card/cvc5_bapa/fol_0000030.smt2,unsat,0.00498271
bapa/card/fol_0000031.smt2,sat,0.640537977,benchmarks/bapa/card/fol_0000031.smt2,sat,0.009107351,benchmarks/sets/card/fol_0000031.smt2,sat,0.008612156,benchmarks/bapa/card/cvc5_bapa/fol_0000031.smt2,sat,0.010119438
bapa/card/fol_0000032.smt2,unsat,0.166142225,benchmarks/bapa/card/fol_0000032.smt2,unsat,0.009948492,benchmarks/sets/card/fol_0000032.smt2,unsat,0.004981518,benchmarks/bapa/card/cvc5_bapa/fol_0000032.smt2,unsat,0.004918337
bapa/card/fol_0000033.smt2,sat,0.711622238,benchmarks/bapa/card/fol_0000033.smt2,sat,0.010012627,benchmarks/sets/card/fol_0000033.smt2,sat,0.008339405,benchmarks/bapa/card/cvc5_bapa/fol_0000033.smt2,sat,0.010793686
bapa/card/fol_0000034.smt2,unsat,0.16399169,benchmarks/bapa/card/fol_0000034.smt2,unsat,0.009085655,benchmarks/sets/card/fol_0000034.smt2,unsat,0.005412579,benchmarks/bapa/card/cvc5_bapa/fol_0000034.smt2,unsat,0.004890203
bapa/card/fol_0000035.smt2,sat,0.718372583,benchmarks/bapa/card/fol_0000035.smt2,sat,0.010556459,benchmarks/sets/card/fol_0000035.smt2,sat,0.006120205,benchmarks/bapa/card/cvc5_bapa/fol_0000035.smt2,sat,0.011138439
bapa/card/fol_0000036.smt2,sat,0.789636135,benchmarks/bapa/card/fol_0000036.smt2,sat,0.009852886,benchmarks/sets/card/fol_0000036.smt2,sat,0.007334948,benchmarks/bapa/card/cvc5_bapa/fol_0000036.smt2,sat,0.005136013
bapa/card/fol_0000037.smt2,sat,0.624268532,benchmarks/bapa/card/fol_0000037.smt2,sat,0.009971857,benchmarks/sets/card/fol_0000037.smt2,sat,0.006600142,benchmarks/bapa/card/cvc5_bapa/fol_0000037.smt2,sat,0.010160685
bapa/card/fol_0000038.smt2,unsat,0.162767887,benchmarks/bapa/card/fol_0000038.smt2,unsat,0.010605574,benchmarks/sets/card/fol_0000038.smt2,unsat,0.005727768,benchmarks/bapa/card/cvc5_bapa/fol_0000038.smt2,unsat,0.005611181
bapa/card/fol_0000039.smt2,sat,0.544840336,benchmarks/bapa/card/fol_0000039.smt2,sat,0.009572744,benchmarks/sets/card/fol_0000039.smt2,sat,0.008118868,benchmarks/bapa/card/cvc5_bapa/fol_0000039.smt2,sat,0.010391712
bapa/card/fol_0000040.smt2,unsat,0.161720753,benchmarks/bapa/card/fol_0000040.smt2,unsat,0.009917259,benchmarks/sets/card/fol_0000040.smt2,unsat,0.005481005,benchmarks/bapa/card/cvc5_bapa/fol_0000040.smt2,unsat,0.005651236
bapa/card/fol_0000041.smt2,sat,0.8103652,benchmarks/bapa/card/fol_0000041.smt2,sat,0.010119438,benchmarks/sets/card/fol_0000041.smt2,sat,0.008953571,benchmarks/bapa/card/cvc5_bapa/fol_0000041.smt2,sat,0.011058331
bapa/card/fol_0000042.smt2,sat,0.213620901,benchmarks/bapa/card/fol_0000042.smt2,sat,0.009675741,benchmarks/sets/card/fol_0000042.smt2,sat,0.006096363,benchmarks/bapa/card/cvc5_bapa/fol_0000042.smt2,sat,0.005669355
bapa/card/fol_0000043.smt2,sat,0.168664217,benchmarks/bapa/card/fol_0000043.smt2,sat,0.015384197,benchmarks/sets/card/fol_0000043.smt2,sat,0.00732255,benchmarks/bapa/card/cvc5_bapa/fol_0000043.smt2,sat,0.016009808
bapa/card/fol_0000044.smt2,sat,0.623400211,benchmarks/bapa/card/fol_0000044.smt2,sat,0.011010408,benchmarks/sets/card/fol_0000044.smt2,sat,0.006547213,benchmarks/bapa/card/cvc5_bapa/fol_0000044.smt2,sat,0.01064086
bapa/card/fol_0000045.smt2,unsat,9.707012177,benchmarks/bapa/card/fol_0000045.smt2,unsat,0.032344103,benchmarks/sets/card/fol_0000045.smt2,unsat,0.016209126,benchmarks/bapa/card/cvc5_bapa/fol_0000045.smt2,unsat,0.057791233
bapa/card/fol_0000046.smt2,timeout,51.06245923,benchmarks/bapa/card/fol_0000046.smt2,unknown,51.78880882,benchmarks/sets/card/fol_0000046.smt2,sat,0.059868813,benchmarks/bapa/card/cvc5_bapa/fol_0000046.smt2,unsat,0.272916317
bapa/card/fol_0000047.smt2,timeout,50.56551981,benchmarks/bapa/card/fol_0000047.smt2,unknown,50.92943978,benchmarks/sets/card/fol_0000047.smt2,unsat,0.049223423,benchmarks/bapa/card/cvc5_bapa/fol_0000047.smt2,unsat,0.275665045
bapa/card/fol_0000048.smt2,timeout,51.12560821,benchmarks/bapa/card/fol_0000048.smt2,sat,0.026793242,benchmarks/sets/card/fol_0000048.smt2,sat,0.140972137,benchmarks/bapa/card/cvc5_bapa/fol_0000048.smt2,unsat,1.646512747
bapa/card/fol_0000049.smt2,timeout,50.59185982,benchmarks/bapa/card/fol_0000049.smt2,unknown,51.90273762,benchmarks/sets/card/fol_0000049.smt2,sat,0.092485189,benchmarks/bapa/card/cvc5_bapa/fol_0000049.smt2,unsat,1.623324394
bapa/card/fol_0000050.smt2,timeout,51.16769719,benchmarks/bapa/card/fol_0000050.smt2,sat,0.218710899,benchmarks/sets/card/fol_0000050.smt2,sat,0.012571096,benchmarks/bapa/card/cvc5_bapa/fol_0000050.smt2,sat,0.007280111
bapa/card/fol_0000051.smt2,timeout,50.61181974,benchmarks/bapa/card/fol_0000051.smt2,sat,0.01868248,benchmarks/sets/card/fol_0000051.smt2,sat,0.032916069,benchmarks/bapa/card/cvc5_bapa/fol_0000051.smt2,unsat,0.278034925
bapa/card/fol_0000052.smt2,timeout,51.19874763,benchmarks/bapa/card/fol_0000052.smt2,unknown,51.89579296,benchmarks/sets/card/fol_0000052.smt2,sat,0.050224304,benchmarks/bapa/card/cvc5_bapa/fol_0000052.smt2,unsat,0.274816751
bapa/card/fol_0000053.smt2,timeout,50.62979174,benchmarks/bapa/card/fol_0000053.smt2,sat,0.022453547,benchmarks/sets/card/fol_0000053.smt2,sat,0.01840806,benchmarks/bapa/card/cvc5_bapa/fol_0000053.smt2,sat,0.291128874
bapa/card/fol_0000054.smt2,timeout,51.1271534,benchmarks/bapa/card/fol_0000054.smt2,unknown,50.97143245,benchmarks/sets/card/fol_0000054.smt2,sat,0.045134544,benchmarks/bapa/card/cvc5_bapa/fol_0000054.smt2,unsat,0.275354862
bapa/card/fol_0000055.smt2,timeout,51.11791039,benchmarks/bapa/card/fol_0000055.smt2,unknown,51.86246252,benchmarks/sets/card/fol_0000055.smt2,unsat,0.113097906,benchmarks/bapa/card/cvc5_bapa/fol_0000055.smt2,sat,3.14989233
bapa/card/fol_0000056.smt2,sat,2.844275951,benchmarks/bapa/card/fol_0000056.smt2,unknown,50.95592999,benchmarks/sets/card/fol_0000056.smt2,sat,0.025203228,benchmarks/bapa/card/cvc5_bapa/fol_0000056.smt2,sat,0.00700593
bapa/card/fol_0000057.smt2,timeout,50.58259654,benchmarks/bapa/card/fol_0000057.smt2,unknown,51.84875083,benchmarks/sets/card/fol_0000057.smt2,sat,0.025352478,benchmarks/bapa/card/cvc5_bapa/fol_0000057.smt2,unsat,0.059887409
bapa/card/fol_0000058.smt2,unsat,0.225179672,benchmarks/bapa/card/fol_0000058.smt2,unsat,0.009830475,benchmarks/sets/card/fol_0000058.smt2,unsat,0.005178452,benchmarks/bapa/card/cvc5_bapa/fol_0000058.smt2,unsat,0.017601013
bapa/card/fol_0000059.smt2,unsat,0.1860044,benchmarks/bapa/card/fol_0000059.smt2,unsat,0.008318663,benchmarks/sets/card/fol_0000059.smt2,unsat,0.005793571,benchmarks/bapa/card/cvc5_bapa/fol_0000059.smt2,unsat,0.005683899
bapa/card/fol_0000060.smt2,unsat,5.259313822,benchmarks/bapa/card/fol_0000060.smt2,unsat,0.038579226,benchmarks/sets/card/fol_0000060.smt2,unsat,0.017609358,benchmarks/bapa/card/cvc5_bapa/fol_0000060.smt2,unsat,0.05676055
bapa/card/fol_0000061.smt2,timeout,51.13878632,benchmarks/bapa/card/fol_0000061.smt2,unsat,0.262860298,benchmarks/sets/card/fol_0000061.smt2,unsat,0.016002893,benchmarks/bapa/card/cvc5_bapa/fol_0000061.smt2,unsat,0.056864977
bapa/card/fol_0000062.smt2,timeout,51.13888526,benchmarks/bapa/card/fol_0000062.smt2,unknown,50.94439149,benchmarks/sets/card/fol_0000062.smt2,sat,0.01377058,benchmarks/bapa/card/cvc5_bapa/fol_0000062.smt2,unsat,0.057946444
bapa/card/fol_0000063.smt2,unsat,0.218553543,benchmarks/bapa/card/fol_0000063.smt2,unsat,0.009821653,benchmarks/sets/card/fol_0000063.smt2,unsat,0.006117821,benchmarks/bapa/card/cvc5_bapa/fol_0000063.smt2,unsat,0.017405033
bapa/card/fol_0000064.smt2,unsat,0.193827152,benchmarks/bapa/card/fol_0000064.smt2,unsat,0.008908033,benchmarks/sets/card/fol_0000064.smt2,unsat,0.00413394,benchmarks/bapa/card/cvc5_bapa/fol_0000064.smt2,unsat,0.004769087
bapa/card/fol_0000065.smt2,timeout,50.57788277,benchmarks/bapa/card/fol_0000065.smt2,unknown,51.9409132,benchmarks/sets/card/fol_0000065.smt2,unsat,0.015604973,benchmarks/bapa/card/cvc5_bapa/fol_0000065.smt2,unsat,0.056289434
bapa/card/fol_0000066.smt2,unsat,4.051570177,benchmarks/bapa/card/fol_0000066.smt2,unsat,27.31605816,benchmarks/sets/card/fol_0000066.smt2,unsat,0.015933275,benchmarks/bapa/card/cvc5_bapa/fol_0000066.smt2,unsat,0.056941032
bapa/card/fol_0000067.smt2,unsat,4.199120283,benchmarks/bapa/card/fol_0000067.smt2,unsat,0.247598648,benchmarks/sets/card/fol_0000067.smt2,unsat,0.017071962,benchmarks/bapa/card/cvc5_bapa/fol_0000067.smt2,unsat,0.055716038
bapa/card/fol_0000068.smt2,unsat,4.167965174,benchmarks/bapa/card/fol_0000068.smt2,unsat,0.216537714,benchmarks/sets/card/fol_0000068.smt2,unsat,0.018378496,benchmarks/bapa/card/cvc5_bapa/fol_0000068.smt2,unsat,0.056452274
bapa/card/fol_0000069.smt2,timeout,51.11618948,benchmarks/bapa/card/fol_0000069.smt2,unknown,50.02782226,benchmarks/sets/card/fol_0000069.smt2,sat,0.43269825,benchmarks/bapa/card/cvc5_bapa/fol_0000069.smt2,unsat,0.279913187
bapa/card/fol_0000070.smt2,timeout,51.07944894,benchmarks/bapa/card/fol_0000070.smt2,unknown,52.80224299,benchmarks/sets/card/fol_0000070.smt2,unsat,0.134353399,benchmarks/bapa/card/cvc5_bapa/fol_0000070.smt2,unsat,0.278465033
bapa/card/fol_0000071.smt2,timeout,50.58926153,benchmarks/bapa/card/fol_0000071.smt2,unknown,50.91768146,benchmarks/sets/card/fol_0000071.smt2,sat,8.831253529,benchmarks/bapa/card/cvc5_bapa/fol_0000071.smt2,unsat,1.67118597
bapa/card/fol_0000072.smt2,timeout,51.17184544,benchmarks/bapa/card/fol_0000072.smt2,unknown,51.91208506,benchmarks/sets/card/fol_0000072.smt2,sat,1.617340326,benchmarks/bapa/card/cvc5_bapa/fol_0000072.smt2,unsat,1.68157506
bapa/card/fol_0000073.smt2,timeout,50.57939959,benchmarks/bapa/card/fol_0000073.smt2,sat,1.78672576,benchmarks/sets/card/fol_0000073.smt2,sat,0.012404442,benchmarks/bapa/card/cvc5_bapa/fol_0000073.smt2,sat,0.007081747
bapa/card/fol_0000074.smt2,sat,3.225478888,benchmarks/bapa/card/fol_0000074.smt2,unknown,51.81188726,benchmarks/sets/card/fol_0000074.smt2,sat,0.01513195,benchmarks/bapa/card/cvc5_bapa/fol_0000074.smt2,unsat,0.286504507
bapa/card/fol_0000075.smt2,timeout,51.12518597,benchmarks/bapa/card/fol_0000075.smt2,unknown,50.93701196,benchmarks/sets/card/fol_0000075.smt2,sat,0.158130884,benchmarks/bapa/card/cvc5_bapa/fol_0000075.smt2,unsat,0.285457134
bapa/card/fol_0000076.smt2,timeout,50.58005071,benchmarks/bapa/card/fol_0000076.smt2,unknown,51.85294461,benchmarks/sets/card/fol_0000076.smt2,sat,0.020047665,benchmarks/bapa/card/cvc5_bapa/fol_0000076.smt2,sat,0.288815022
bapa/card/fol_0000077.smt2,timeout,51.20564651,benchmarks/bapa/card/fol_0000077.smt2,unknown,50.92285204,benchmarks/sets/card/fol_0000077.smt2,sat,0.050511122,benchmarks/bapa/card/cvc5_bapa/fol_0000077.smt2,unsat,0.273333311
bapa/card/fol_0000078.smt2,timeout,51.16989517,benchmarks/bapa/card/fol_0000078.smt2,unknown,51.7867775,benchmarks/sets/card/fol_0000078.smt2,unsat,0.064560652,benchmarks/bapa/card/cvc5_bapa/fol_0000078.smt2,sat,3.186620951
bapa/card/fol_0000079.smt2,sat,3.066491842,benchmarks/bapa/card/fol_0000079.smt2,unknown,50.92563725,benchmarks/sets/card/fol_0000079.smt2,sat,0.025410414,benchmarks/bapa/card/cvc5_bapa/fol_0000079.smt2,sat,0.007032394
bapa/card/fol_0000080.smt2,sat,8.400060654,benchmarks/bapa/card/fol_0000080.smt2,unknown,51.83560491,benchmarks/sets/card/fol_0000080.smt2,sat,0.040225267,benchmarks/bapa/card/cvc5_bapa/fol_0000080.smt2,sat,0.517516851
bapa/card/fol_0000081.smt2,unsat,0.195113659,benchmarks/bapa/card/fol_0000081.smt2,unsat,0.008197784,benchmarks/sets/card/fol_0000081.smt2,unsat,0.004620075,benchmarks/bapa/card/cvc5_bapa/fol_0000081.smt2,unsat,0.004693508
bapa/card/fol_0000082.smt2,timeout,50.61149311,benchmarks/bapa/card/fol_0000082.smt2,error,0.236810446,benchmarks/sets/card/fol_0000082.smt2,sat,0.039801121,benchmarks/bapa/card/cvc5_bapa/fol_0000082.smt2,sat,0.544507742
bapa/card/fol_0000083.smt2,timeout,51.13651776,benchmarks/bapa/card/fol_0000083.smt2,unknown,50.92865682,benchmarks/sets/card/fol_0000083.smt2,unsat,0.021515131,benchmarks/bapa/card/cvc5_bapa/fol_0000083.smt2,unsat,0.492747545
bapa/card/fol_0000084.smt2,timeout,51.20176268,benchmarks/bapa/card/fol_0000084.smt2,unknown,51.83940268,benchmarks/sets/card/fol_0000084.smt2,sat,0.410856247,benchmarks/bapa/card/cvc5_bapa/fol_0000084.smt2,unsat,0.272219896
bapa/card/fol_0000085.smt2,unsat,7.835223675,benchmarks/bapa/card/fol_0000085.smt2,unsat,0.01807189,benchmarks/sets/card/fol_0000085.smt2,unsat,0.016415119,benchmarks/bapa/card/cvc5_bapa/fol_0000085.smt2,unsat,0.056527376
bapa/card/fol_0000086.smt2,unsat,3.018224001,benchmarks/bapa/card/fol_0000086.smt2,unsat,0.033349514,benchmarks/sets/card/fol_0000086.smt2,unsat,0.016328812,benchmarks/bapa/card/cvc5_bapa/fol_0000086.smt2,unsat,0.055725813
bapa/card/fol_0000087.smt2,timeout,50.64176631,benchmarks/bapa/card/fol_0000087.smt2,unknown,51.86806202,benchmarks/sets/card/fol_0000087.smt2,unsat,0.020163298,benchmarks/bapa/card/cvc5_bapa/fol_0000087.smt2,unsat,0.500356436
bapa/card/fol_0000088.smt2,timeout,51.32061338,benchmarks/bapa/card/fol_0000088.smt2,sat,0.02114749,benchmarks/sets/card/fol_0000088.smt2,unsat,0.223501444,benchmarks/bapa/card/cvc5_bapa/fol_0000088.smt2,unsat,0.273928642
bapa/card/fol_0000089.smt2,timeout,51.25637174,benchmarks/bapa/card/fol_0000089.smt2,unknown,50.93233585,benchmarks/sets/card/fol_0000089.smt2,unsat,0.221822977,benchmarks/bapa/card/cvc5_bapa/fol_0000089.smt2,unsat,0.272938728
bapa/card/fol_0000090.smt2,sat,7.522541523,benchmarks/bapa/card/fol_0000090.smt2,unknown,51.84791565,benchmarks/sets/card/fol_0000090.smt2,sat,0.03152585,benchmarks/bapa/card/cvc5_bapa/fol_0000090.smt2,sat,0.511401176
bapa/card/fol_0000091.smt2,unsat,0.165846348,benchmarks/bapa/card/fol_0000091.smt2,unsat,0.01085639,benchmarks/sets/card/fol_0000091.smt2,unsat,0.004796982,benchmarks/bapa/card/cvc5_bapa/fol_0000091.smt2,unsat,0.004820347
bapa/card/fol_0000092.smt2,unsat,9.644785643,benchmarks/bapa/card/fol_0000092.smt2,unknown,50.87863111,benchmarks/sets/card/fol_0000092.smt2,unsat,0.020240545,benchmarks/bapa/card/cvc5_bapa/fol_0000092.smt2,unsat,0.500519514
bapa/card/fol_0000093.smt2,unsat,8.615458488,benchmarks/bapa/card/fol_0000093.smt2,unknown,51.84552431,benchmarks/sets/card/fol_0000093.smt2,unsat,0.021664858,benchmarks/bapa/card/cvc5_bapa/fol_0000093.smt2,unsat,0.499955654
bapa/card/fol_0000094.smt2,unsat,2.249846458,benchmarks/bapa/card/fol_0000094.smt2,unsat,0.408910036,benchmarks/sets/card/fol_0000094.smt2,unsat,0.017190695,benchmarks/bapa/card/cvc5_bapa/fol_0000094.smt2,unsat,0.059443474
bapa/card/fol_0000095.smt2,timeout,51.32694554,benchmarks/bapa/card/fol_0000095.smt2,sat,0.020763397,benchmarks/sets/card/fol_0000095.smt2,unsat,0.233729839,benchmarks/bapa/card/cvc5_bapa/fol_0000095.smt2,unsat,0.273942709
bapa/card/fol_0000096.smt2,timeout,51.27478981,benchmarks/bapa/card/fol_0000096.smt2,unknown,50.92335486,benchmarks/sets/card/fol_0000096.smt2,sat,15.91870022,benchmarks/bapa/card/cvc5_bapa/fol_0000096.smt2,unsat,1.626217604
bapa/card/fol_0000097.smt2,timeout,50.66782022,benchmarks/bapa/card/fol_0000097.smt2,unknown,51.85731697,benchmarks/sets/card/fol_0000097.smt2,unsat,5.055892229,benchmarks/bapa/card/cvc5_bapa/fol_0000097.smt2,unsat,1.629296064
bapa/card/fol_0000098.smt2,timeout,51.28568745,benchmarks/bapa/card/fol_0000098.smt2,unknown,50.97873449,benchmarks/sets/card/fol_0000098.smt2,timeout,50.86368918,benchmarks/bapa/card/cvc5_bapa/fol_0000098.smt2,unsat,9.84873724
bapa/card/fol_0000099.smt2,timeout,50.6238513,benchmarks/bapa/card/fol_0000099.smt2,sat,0.069551229,benchmarks/sets/card/fol_0000099.smt2,timeout,50.83055019,benchmarks/bapa/card/cvc5_bapa/fol_0000099.smt2,unsat,61.46345735
bapa/card/fol_0000100.smt2,timeout,51.29700184,benchmarks/bapa/card/fol_0000100.smt2,unknown,51.80239224,benchmarks/sets/card/fol_0000100.smt2,timeout,51.00170755,benchmarks/bapa/card/cvc5_bapa/fol_0000100.smt2,unsat,61.04604936
bapa/card/fol_0000101.smt2,timeout,50.67823076,benchmarks/bapa/card/fol_0000101.smt2,sat,0.364112139,benchmarks/sets/card/fol_0000101.smt2,sat,0.019611359,benchmarks/bapa/card/cvc5_bapa/fol_0000101.smt2,sat,0.008438587
bapa/card/fol_0000102.smt2,timeout,51.35111976,benchmarks/bapa/card/fol_0000102.smt2,unknown,51.87512255,benchmarks/sets/card/fol_0000102.smt2,sat,28.85899782,benchmarks/bapa/card/cvc5_bapa/fol_0000102.smt2,unsat,9.888151646
bapa/card/fol_0000103.smt2,timeout,50.64586258,benchmarks/bapa/card/fol_0000103.smt2,unknown,50.94936872,benchmarks/sets/card/fol_0000103.smt2,sat,0.020862579,benchmarks/bapa/card/cvc5_bapa/fol_0000103.smt2,unsat,10.09512615
bapa/card/fol_0000104.smt2,timeout,51.2496388,benchmarks/bapa/card/fol_0000104.smt2,unknown,51.77830982,benchmarks/sets/card/fol_0000104.smt2,sat,34.8900249,benchmarks/bapa/card/cvc5_bapa/fol_0000104.smt2,unsat,9.866874456
bapa/card/fol_0000105.smt2,timeout,50.66913009,benchmarks/bapa/card/fol_0000105.smt2,unknown,50.92828155,benchmarks/sets/card/fol_0000105.smt2,sat,0.02849865,benchmarks/bapa/card/cvc5_bapa/fol_0000105.smt2,unsat,9.897525549
bapa/card/fol_0000106.smt2,timeout,51.31342149,benchmarks/bapa/card/fol_0000106.smt2,unknown,51.80997086,benchmarks/sets/card/fol_0000106.smt2,sat,0.214397907,benchmarks/bapa/card/cvc5_bapa/fol_0000106.smt2,unsat,10.04866076
bapa/card/fol_0000107.smt2,timeout,51.29345345,benchmarks/bapa/card/fol_0000107.smt2,unknown,50.90822864,benchmarks/sets/card/fol_0000107.smt2,timeout,51.52913022,benchmarks/bapa/card/cvc5_bapa/fol_0000107.smt2,sat,127.0462978
bapa/card/fol_0000108.smt2,sat,3.029946804,benchmarks/bapa/card/fol_0000108.smt2,unknown,51.80871749,benchmarks/sets/card/fol_0000108.smt2,sat,0.043885469,benchmarks/bapa/card/cvc5_bapa/fol_0000108.smt2,sat,0.009116411
bapa/card/fol_0000109.smt2,timeout,50.89217925,benchmarks/bapa/card/fol_0000109.smt2,unknown,50.93351316,benchmarks/sets/card/fol_0000109.smt2,sat,0.05973649,benchmarks/bapa/card/cvc5_bapa/fol_0000109.smt2,unsat,0.283975601
bapa/card/fol_0000110.smt2,unsat,5.87552309,benchmarks/bapa/card/fol_0000110.smt2,unsat,0.050739765,benchmarks/sets/card/fol_0000110.smt2,unsat,0.016682386,benchmarks/bapa/card/cvc5_bapa/fol_0000110.smt2,unsat,0.05836153
bapa/card/fol_0000111.smt2,timeout,50.70326591,benchmarks/bapa/card/fol_0000111.smt2,unknown,51.82422829,benchmarks/sets/card/fol_0000111.smt2,unsat,0.026983023,benchmarks/bapa/card/cvc5_bapa/fol_0000111.smt2,unsat,0.508265972
bapa/card/fol_0000112.smt2,timeout,51.2717464,benchmarks/bapa/card/fol_0000112.smt2,unknown,51.96639657,benchmarks/sets/card/fol_0000112.smt2,unsat,0.228644133,benchmarks/bapa/card/cvc5_bapa/fol_0000112.smt2,unsat,0.281607389
bapa/card/fol_0000113.smt2,timeout,51.27898002,benchmarks/bapa/card/fol_0000113.smt2,unknown,50.81078029,benchmarks/sets/card/fol_0000113.smt2,sat,0.163178682,benchmarks/bapa/card/cvc5_bapa/fol_0000113.smt2,sat,3.179423571
bapa/card/fol_0000114.smt2,unsat,5.036353111,benchmarks/bapa/card/fol_0000114.smt2,unknown,51.85079622,benchmarks/sets/card/fol_0000114.smt2,unsat,0.019971848,benchmarks/bapa/card/cvc5_bapa/fol_0000114.smt2,unsat,0.504379749
bapa/card/fol_0000115.smt2,timeout,50.66412234,benchmarks/bapa/card/fol_0000115.smt2,unknown,50.94479108,benchmarks/sets/card/fol_0000115.smt2,unsat,0.020400763,benchmarks/bapa/card/cvc5_bapa/fol_0000115.smt2,unsat,0.502141476
bapa/card/fol_0000116.smt2,timeout,51.29045367,benchmarks/bapa/card/fol_0000116.smt2,unknown,51.8436904,benchmarks/sets/card/fol_0000116.smt2,unsat,0.058766603,benchmarks/bapa/card/cvc5_bapa/fol_0000116.smt2,sat,3.178300142
bapa/card/fol_0000117.smt2,timeout,50.65629244,benchmarks/bapa/card/fol_0000117.smt2,unknown,50.94518113,benchmarks/sets/card/fol_0000117.smt2,sat,0.164484024,benchmarks/bapa/card/cvc5_bapa/fol_0000117.smt2,sat,3.110454798
bapa/card/fol_0000118.smt2,timeout,51.27215934,benchmarks/bapa/card/fol_0000118.smt2,unknown,51.86662698,benchmarks/sets/card/fol_0000118.smt2,sat,16.21641088,benchmarks/bapa/card/cvc5_bapa/fol_0000118.smt2,unsat,1.649678946
bapa/card/fol_0000119.smt2,unsat,6.409818888,benchmarks/bapa/card/fol_0000119.smt2,unknown,50.96891403,benchmarks/sets/card/fol_0000119.smt2,unsat,0.227719784,benchmarks/bapa/card/cvc5_bapa/fol_0000119.smt2,unsat,0.275331497
bapa/card/fol_0000120.smt2,timeout,51.31768417,benchmarks/bapa/card/fol_0000120.smt2,unknown,51.860955,benchmarks/sets/card/fol_0000120.smt2,unsat,0.060765743,benchmarks/bapa/card/cvc5_bapa/fol_0000120.smt2,sat,3.119985819
