name,sat,problem_size,sls_size,z3_calls,interpolants_generated,merges,shiftdowns,offsets,total_time,reduction_time,augment_time,interpolation_time,solution_time
bapa/arith/fol_0000001.smt2,1,6,4,22,0,1,0,0,0.37188053131103516,0.024038076400756836,0.02557516098022461,0.15932464599609375,0.05342459678649902
bapa/arith/fol_0000002.smt2,1,6,5,33,0,2,0,0,0.45523691177368164,0.057656049728393555,0.030955791473388672,0.1921086311340332,0.06653761863708496
bapa/arith/fol_0000003.smt2,1,6,4,24,0,1,1,0,0.3628528118133545,0.03229856491088867,0.023962020874023438,0.14591264724731445,0.05069136619567871
bapa/arith/fol_0000004.smt2,1,6,4,24,0,1,1,0,0.3677482604980469,0.035062313079833984,0.024181365966796875,0.1449577808380127,0.05627560615539551
bapa/arith/fol_0000005.smt2,1,6,4,22,0,1,0,0,0.33942174911499023,0.022541522979736328,0.023482561111450195,0.1392807960510254,0.050162315368652344
bapa/arith/fol_0000006.smt2,1,6,4,22,0,1,0,0,0.34834861755371094,0.022828340530395508,0.024513721466064453,0.1392970085144043,0.05536627769470215
bapa/arith/fol_0000007.smt2,1,6,4,24,0,1,1,0,0.3557732105255127,0.033299922943115234,0.0242922306060791,0.13708043098449707,0.05268597602844238
bapa/arith/fol_0000008.smt2,1,6,4,24,0,1,1,0,0.3473641872406006,0.03242635726928711,0.023459196090698242,0.13845157623291016,0.050585269927978516
bapa/arith/fol_0000009.smt2,1,6,5,35,0,2,1,0,0.4725813865661621,0.06678509712219238,0.03318285942077637,0.19340133666992188,0.06995201110839844
bapa/arith/fol_0000010.smt2,1,6,4,24,0,1,1,0,0.3531160354614258,0.03316545486450195,0.02383875846862793,0.14001989364624023,0.0510861873626709
bapa/arith/fol_0000011.smt2,1,6,5,33,0,2,0,0,0.45357346534729004,0.05652427673339844,0.030507802963256836,0.18901872634887695,0.06993842124938965
bapa/arith/fol_0000012.smt2,1,6,4,24,0,1,1,0,0.35222768783569336,0.03298354148864746,0.024718284606933594,0.13278627395629883,0.05170154571533203
bapa/arith/fol_0000013.smt2,1,6,4,24,0,1,1,0,0.3523578643798828,0.03235435485839844,0.02418065071105957,0.13675999641418457,0.05237388610839844
bapa/arith/fol_0000014.smt2,1,6,4,22,0,1,0,0,0.3506803512573242,0.02265477180480957,0.023615360260009766,0.14174914360046387,0.05404925346374512
bapa/arith/fol_0000015.smt2,1,6,5,35,0,2,1,0,0.4707908630371094,0.06653714179992676,0.030983448028564453,0.19721007347106934,0.07003641128540039
bapa/arith/fol_0000016.smt2,1,6,4,24,0,1,1,0,0.36876869201660156,0.032942771911621094,0.024599552154541016,0.148939847946167,0.05234050750732422
bapa/arith/fol_0000017.smt2,1,6,5,33,0,2,0,0,1.2625391483306885,0.8605058193206787,0.030287981033325195,0.19563055038452148,0.06905651092529297
bapa/arith/fol_0000018.smt2,1,6,4,22,0,1,0,0,0.3453810214996338,0.0224301815032959,0.023386240005493164,0.14359402656555176,0.05194091796875
bapa/arith/fol_0000019.smt2,1,6,5,33,0,2,0,0,0.4756035804748535,0.05554366111755371,0.030177831649780273,0.206620454788208,0.07492375373840332
bapa/arith/fol_0000020.smt2,1,6,4,22,0,1,0,0,0.3620333671569824,0.02281665802001953,0.024175405502319336,0.1458601951599121,0.05725836753845215
bapa/arith/fol_0000021.smt2,0,6,1,7,1,0,0,0,0.17194867134094238,0,0.005127429962158203,0.04181337356567383,0.016290664672851562
bapa/arith/fol_0000022.smt2,1,6,5,35,0,2,1,0,0.47505998611450195,0.06584715843200684,0.0314180850982666,0.19406986236572266,0.07226729393005371
bapa/arith/fol_0000023.smt2,0,6,1,7,1,0,0,0,0.17573070526123047,0,0.00592803955078125,0.04096269607543945,0.017229318618774414
bapa/arith/fol_0000024.smt2,2,-1,,,,,,,,,,,
bapa/arith/fol_0000025.smt2,1,6,4,24,0,1,1,0,0.35530591011047363,0.03299450874328613,0.02407526969909668,0.13681530952453613,0.05131030082702637
bapa/arith/fol_0000026.smt2,1,6,5,33,0,2,0,0,0.45476698875427246,0.05733823776245117,0.030794620513916016,0.18488025665283203,0.07135725021362305
bapa/arith/fol_0000027.smt2,1,6,4,24,0,1,1,0,0.37428951263427734,0.03383898735046387,0.024740934371948242,0.14964771270751953,0.05258035659790039
bapa/arith/fol_0000028.smt2,0,7,1,8,2,0,0,0,0.22859740257263184,0,0.005832672119140625,0.09869503974914551,0.01507878303527832
bapa/arith/fol_0000029.smt2,1,7,4,22,0,1,0,0,0.40168190002441406,0.02265167236328125,0.02577996253967285,0.17977023124694824,0.06091785430908203
bapa/arith/fol_0000030.smt2,0,6,1,7,1,0,0,0,0.16653060913085938,0,0.005052328109741211,0.04029703140258789,0.016071557998657227
bapa/arith/fol_0000031.smt2,1,6,4,22,0,1,0,0,0.3809208869934082,0.02393794059753418,0.024585247039794922,0.1580491065979004,0.05801653861999512
bapa/arith/fol_0000032.smt2,0,6,1,7,1,0,0,0,0.1712186336517334,0,0.005154132843017578,0.04018092155456543,0.016547679901123047
bapa/arith/fol_0000033.smt2,1,6,4,22,0,1,0,0,0.36356306076049805,0.02250218391418457,0.0242464542388916,0.14687252044677734,0.05919075012207031
bapa/arith/fol_0000034.smt2,0,6,1,7,1,0,0,0,0.17405056953430176,0,0.005227804183959961,0.0412592887878418,0.016199111938476562
bapa/arith/fol_0000035.smt2,1,6,4,24,0,1,1,0,0.37942028045654297,0.03382253646850586,0.024969100952148438,0.15100979804992676,0.057111501693725586
bapa/arith/fol_0000036.smt2,1,6,4,24,0,1,1,0,0.33605456352233887,0.03278684616088867,0.023715972900390625,0.12565064430236816,0.04875349998474121
bapa/arith/fol_0000037.smt2,1,6,4,22,0,1,0,0,0.35112977027893066,0.021923303604125977,0.023677349090576172,0.14169931411743164,0.053099632263183594
bapa/arith/fol_0000038.smt2,0,6,1,7,1,0,0,0,0.17897319793701172,0,0.006258249282836914,0.04078173637390137,0.017995119094848633
bapa/arith/fol_0000039.smt2,1,6,4,22,0,1,0,0,0.3473961353302002,0.02264118194580078,0.024294137954711914,0.133103609085083,0.05577254295349121
bapa/arith/fol_0000040.smt2,0,6,1,7,1,0,0,0,0.1754469871520996,0,0.005609750747680664,0.04223132133483887,0.017024993896484375
bapa/arith/fol_0000041.smt2,1,6,4,24,0,1,1,0,0.37474799156188965,0.03374648094177246,0.02446460723876953,0.1515188217163086,0.05442380905151367
bapa/arith/fol_0000042.smt2,1,6,4,22,0,1,0,0,0.34261155128479004,0.02240777015686035,0.02367854118347168,0.13999676704406738,0.049365997314453125
bapa/arith/fol_0000043.smt2,1,7,3,14,0,1,0,0,0.2843186855316162,0.005785465240478516,0.01907181739807129,0.11174774169921875,0.03859138488769531
bapa/arith/fol_0000044.smt2,1,6,4,22,0,1,0,0,0.3587634563446045,0.021806955337524414,0.024959087371826172,0.14437294006347656,0.05491328239440918
bapa/arith/fol_0000045.smt2,0,7,1,8,2,0,0,0,0.24760079383850098,0,0.005488872528076172,0.11541032791137695,0.01728677749633789
bapa/arith/fol_0000046.smt2,1,7,3,14,0,1,0,0,0.30598950386047363,0.005651235580444336,0.018509626388549805,0.12286138534545898,0.0437016487121582
bapa/arith/fol_0000047.smt2,0,7,1,9,3,0,0,0,0.2550942897796631,0,0.005397796630859375,0.11490964889526367,0.019737958908081055
bapa/arith/fol_0000048.smt2,1,7,4,22,0,1,0,0,0.44806838035583496,0.023894548416137695,0.025407075881958008,0.2055678367614746,0.07056140899658203
bapa/arith/fol_0000049.smt2,1,7,2,8,0,0,0,0,0.23722600936889648,1.0251998901367188e-05,0.012027502059936523,0.06209611892700195,0.03734636306762695
bapa/arith/fol_0000050.smt2,1,7,1,3,0,0,0,0,0.14789247512817383,0,0.005750417709350586,0,0.021472454071044922
bapa/arith/fol_0000051.smt2,1,7,5,29,0,2,0,0,0.5369381904602051,0.03723001480102539,0.03458833694458008,0.2524871826171875,0.09257197380065918
bapa/arith/fol_0000052.smt2,1,7,4,22,0,1,0,0,0.4427616596221924,0.023727893829345703,0.026284456253051758,0.19632816314697266,0.07208991050720215
bapa/arith/fol_0000053.smt2,1,7,4,22,0,1,0,0,0.4515047073364258,0.02998185157775879,0.026890993118286133,0.1986238956451416,0.07432126998901367
bapa/arith/fol_0000054.smt2,1,7,5,30,0,2,0,0,0.558354377746582,0.043183326721191406,0.03453874588012695,0.2657759189605713,0.09271407127380371
bapa/arith/fol_0000055.smt2,0,6,1,7,1,0,0,0,0.19108366966247559,0,0.005364179611206055,0.04280686378479004,0.020569324493408203
bapa/arith/fol_0000056.smt2,1,6,5,35,0,2,1,0,0.5103824138641357,0.0692451000213623,0.03200840950012207,0.20538973808288574,0.08064627647399902
bapa/arith/fol_0000057.smt2,1,7,4,22,0,1,0,0,0.434769868850708,0.02362513542175293,0.027792692184448242,0.20114541053771973,0.06363606452941895
bapa/arith/fol_0000058.smt2,0,7,1,8,2,0,0,0,0.23889732360839844,0,0.0056934356689453125,0.10324811935424805,0.015619516372680664
bapa/arith/fol_0000059.smt2,0,6,1,7,1,0,0,0,0.1827547550201416,0,0.0054204463958740234,0.04111218452453613,0.016237497329711914
bapa/arith/fol_0000060.smt2,0,7,1,8,2,0,0,0,0.2564866542816162,0,0.005591154098510742,0.11819958686828613,0.017755746841430664
bapa/arith/fol_0000061.smt2,0,7,1,9,3,0,0,0,0.2737259864807129,0,0.00567626953125,0.1368870735168457,0.016139745712280273
bapa/arith/fol_0000062.smt2,1,7,4,22,0,1,0,0,0.42860841751098633,0.024078369140625,0.027231454849243164,0.19318699836730957,0.06580853462219238
bapa/arith/fol_0000063.smt2,0,7,1,8,2,0,0,0,1.031116008758545,0,0.006193876266479492,0.12460732460021973,0.016539335250854492
bapa/arith/fol_0000064.smt2,0,6,1,7,1,0,0,0,0.172882080078125,0,0.00526881217956543,0.03934907913208008,0.016714096069335938
bapa/arith/fol_0000065.smt2,0,7,1,8,2,0,0,0,0.25124216079711914,0,0.0058746337890625,0.11801576614379883,0.01804208755493164
bapa/arith/fol_0000066.smt2,0,7,1,8,2,0,0,0,0.25414204597473145,0,0.0054738521575927734,0.11841297149658203,0.01743340492248535
bapa/arith/fol_0000067.smt2,0,7,1,9,3,0,0,0,0.27518415451049805,0,0.005640268325805664,0.13194584846496582,0.016508102416992188
bapa/arith/fol_0000068.smt2,0,7,1,9,3,0,0,0,0.2618250846862793,0,0.006033897399902344,0.1300830841064453,0.01628565788269043
bapa/arith/fol_0000069.smt2,1,7,4,22,0,1,0,0,0.4122307300567627,0.023062944412231445,0.02555251121520996,0.18304681777954102,0.06457185745239258
bapa/arith/fol_0000070.smt2,0,7,1,8,2,0,0,0,0.2450859546661377,0,0.005394935607910156,0.10355973243713379,0.01842188835144043
bapa/arith/fol_0000071.smt2,1,7,2,8,0,0,0,0,0.2195291519165039,1.1205673217773438e-05,0.011589288711547852,0.06051135063171387,0.031566619873046875
bapa/arith/fol_0000072.smt2,1,7,2,8,0,0,0,0,0.22569513320922852,1.1444091796875e-05,0.012052297592163086,0.05675005912780762,0.03236579895019531
bapa/arith/fol_0000073.smt2,1,7,1,3,0,0,0,0,0.14899373054504395,0,0.0059320926666259766,0,0.02111220359802246
bapa/arith/fol_0000074.smt2,1,7,2,8,0,0,0,0,0.22397899627685547,1.239776611328125e-05,0.011980772018432617,0.060967206954956055,0.03212857246398926
bapa/arith/fol_0000075.smt2,1,7,2,8,0,0,0,0,0.21307730674743652,1.239776611328125e-05,0.012483596801757812,0.0604100227355957,0.02854609489440918
bapa/arith/fol_0000076.smt2,1,7,5,30,0,2,0,0,0.5337908267974854,0.0396270751953125,0.03235816955566406,0.24570465087890625,0.0968027114868164
bapa/arith/fol_0000077.smt2,1,7,5,30,0,2,0,0,0.5292439460754395,0.039881229400634766,0.032178640365600586,0.25057005882263184,0.09000396728515625
bapa/arith/fol_0000078.smt2,0,6,1,7,1,0,0,0,0.18323898315429688,0,0.005402803421020508,0.04131722450256348,0.01990509033203125
bapa/arith/fol_0000079.smt2,1,6,5,33,0,2,0,0,0.5070388317108154,0.05901312828063965,0.03316688537597656,0.20673441886901855,0.08698010444641113
bapa/arith/fol_0000080.smt2,1,6,5,33,0,2,0,0,0.48357582092285156,0.05639815330505371,0.031961917877197266,0.2060399055480957,0.07835173606872559
bapa/arith/fol_0000081.smt2,0,6,1,7,1,0,0,0,0.17139029502868652,0,0.005473136901855469,0.0397493839263916,0.017554521560668945
bapa/arith/fol_0000082.smt2,1,6,5,33,0,2,0,0,0.4737849235534668,0.056097984313964844,0.029505491256713867,0.20073509216308594,0.07493829727172852
bapa/arith/fol_0000083.smt2,0,6,1,7,1,0,0,0,0.1683943271636963,0,0.00535893440246582,0.03914833068847656,0.01591014862060547
bapa/arith/fol_0000084.smt2,1,7,5,29,0,2,0,0,0.5196495056152344,0.03547954559326172,0.03236699104309082,0.24921250343322754,0.08573579788208008
bapa/arith/fol_0000085.smt2,0,7,1,9,3,0,0,0,0.2666046619415283,0,0.00668025016784668,0.13237261772155762,0.01896357536315918
bapa/arith/fol_0000086.smt2,0,7,1,9,3,0,0,0,0.2690894603729248,0,0.005828142166137695,0.1352989673614502,0.017220735549926758
bapa/arith/fol_0000087.smt2,0,6,1,7,1,0,0,0,0.17417359352111816,0,0.005380392074584961,0.04077482223510742,0.017243146896362305
bapa/arith/fol_0000088.smt2,0,7,1,8,2,0,0,0,0.24227142333984375,0,0.005305290222167969,0.11416387557983398,0.01598501205444336
bapa/arith/fol_0000089.smt2,0,7,1,8,2,0,0,0,0.2506687641143799,0,0.005430459976196289,0.11187362670898438,0.018006563186645508
bapa/arith/fol_0000090.smt2,1,6,4,22,0,1,0,0,0.3545951843261719,0.02154374122619629,0.022910118103027344,0.14523077011108398,0.053904056549072266
bapa/arith/fol_0000091.smt2,0,6,1,7,1,0,0,0,0.17218995094299316,0,0.005098819732666016,0.03975057601928711,0.015574455261230469
bapa/arith/fol_0000092.smt2,0,6,1,7,1,0,0,0,0.17605996131896973,0,0.005213499069213867,0.04084038734436035,0.017183780670166016
bapa/arith/fol_0000093.smt2,0,6,1,7,1,0,0,0,0.17995262145996094,0,0.0054073333740234375,0.04197049140930176,0.019507884979248047
bapa/arith/fol_0000094.smt2,0,7,1,9,3,0,0,0,0.26731181144714355,0,0.006300210952758789,0.13367891311645508,0.017392396926879883
bapa/arith/fol_0000095.smt2,0,7,1,8,2,0,0,0,0.2507495880126953,0,0.0059244632720947266,0.11353492736816406,0.01651167869567871
bapa/arith/fol_0000096.smt2,1,7,5,29,0,2,0,0,0.5016229152679443,0.03437018394470215,0.03315305709838867,0.24168682098388672,0.08045697212219238
bapa/arith/fol_0000097.smt2,0,7,1,8,2,0,0,0,0.2477114200592041,0,0.005376338958740234,0.10998034477233887,0.018182992935180664
bapa/arith/fol_0000098.smt2,0,7,1,8,2,0,0,0,0.24584078788757324,0,0.005664825439453125,0.1059274673461914,0.01849532127380371
bapa/arith/fol_0000099.smt2,1,7,2,8,0,0,0,0,0.2181873321533203,1.2636184692382812e-05,0.011577367782592773,0.06013321876525879,0.0315854549407959
bapa/arith/fol_0000100.smt2,1,7,5,29,0,2,0,0,0.5377974510192871,0.037708282470703125,0.0336146354675293,0.25165343284606934,0.09523773193359375
bapa/arith/fol_0000101.smt2,1,7,1,3,0,0,0,0,0.1419692039489746,0,0.005963325500488281,0,0.02096867561340332
bapa/arith/fol_0000102.smt2,1,7,5,30,0,2,0,0,0.5394165515899658,0.040795326232910156,0.03239727020263672,0.2521553039550781,0.09460663795471191
bapa/arith/fol_0000103.smt2,1,7,5,29,0,2,0,0,0.5167632102966309,0.035761117935180664,0.033537864685058594,0.2413032054901123,0.08989858627319336
bapa/arith/fol_0000104.smt2,1,7,4,20,0,1,0,0,0.4132061004638672,0.011856794357299805,0.02527475357055664,0.18957853317260742,0.0711829662322998
bapa/arith/fol_0000105.smt2,1,7,2,8,0,0,0,0,0.2187209129333496,1.0967254638671875e-05,0.011771440505981445,0.05989646911621094,0.034481048583984375
bapa/arith/fol_0000106.smt2,1,7,4,22,0,1,0,0,0.42464113235473633,0.02294301986694336,0.025058269500732422,0.18631839752197266,0.07125473022460938
bapa/arith/fol_0000107.smt2,0,6,1,7,1,0,0,0,0.17705464363098145,0,0.005186319351196289,0.04031538963317871,0.018056631088256836
bapa/arith/fol_0000108.smt2,1,6,4,24,0,1,1,0,0.38698363304138184,0.03305339813232422,0.024315595626831055,0.15578055381774902,0.061331748962402344
bapa/arith/fol_0000109.smt2,1,7,5,29,0,2,0,0,0.5145578384399414,0.03538370132446289,0.032721757888793945,0.24602246284484863,0.08485293388366699
bapa/arith/fol_0000110.smt2,0,7,1,8,2,0,0,0,0.23828864097595215,0,0.0056989192962646484,0.10695433616638184,0.016650915145874023
bapa/arith/fol_0000111.smt2,0,6,1,7,1,0,0,0,0.17127442359924316,0,0.0050220489501953125,0.04061555862426758,0.01718926429748535
bapa/arith/fol_0000112.smt2,0,7,1,8,2,0,0,0,0.24489521980285645,0,0.005250215530395508,0.11507630348205566,0.015740156173706055
bapa/arith/fol_0000113.smt2,1,6,4,24,0,1,1,0,0.37490177154541016,0.03254270553588867,0.02340984344482422,0.14601469039916992,0.06142759323120117
bapa/arith/fol_0000114.smt2,0,6,1,7,1,0,0,0,0.17455530166625977,0,0.005025625228881836,0.04056262969970703,0.017611026763916016
bapa/arith/fol_0000115.smt2,0,6,1,7,1,0,0,0,0.16797137260437012,0,0.00520634651184082,0.03982377052307129,0.016062259674072266
bapa/arith/fol_0000116.smt2,0,6,1,7,1,0,0,0,0.17650985717773438,0,0.00527644157409668,0.04044508934020996,0.017798423767089844
bapa/arith/fol_0000117.smt2,1,6,4,24,0,1,1,0,0.36730456352233887,0.03206825256347656,0.023802995681762695,0.14378786087036133,0.05422496795654297
bapa/arith/fol_0000118.smt2,1,7,4,20,0,1,0,0,0.38699960708618164,0.010958194732666016,0.025188207626342773,0.17855525016784668,0.06059670448303223
bapa/arith/fol_0000119.smt2,0,7,1,8,2,0,0,0,0.2471473217010498,0,0.005256175994873047,0.11433768272399902,0.01558232307434082
bapa/arith/fol_0000120.smt2,0,6,1,7,1,0,0,0,0.1696455478668213,0,0.00568842887878418,0.041353464126586914,0.015125274658203125
bapa/card/fol_0000001.smt2,1,6,4,22,0,1,0,0,0.34815359115600586,0.022542476654052734,0.02439284324645996,0.15120577812194824,0.04866433143615723
bapa/card/fol_0000002.smt2,1,6,5,33,0,2,0,0,0.4427628517150879,0.05487656593322754,0.02947521209716797,0.18390774726867676,0.06653690338134766
bapa/card/fol_0000003.smt2,1,6,4,24,0,1,1,0,0.36348986625671387,0.03386974334716797,0.02508831024169922,0.1470658779144287,0.050943851470947266
bapa/card/fol_0000004.smt2,1,6,4,24,0,1,1,0,0.354475736618042,0.03190326690673828,0.023348093032836914,0.14042186737060547,0.0522913932800293
bapa/card/fol_0000005.smt2,1,6,4,22,0,1,0,0,0.3468470573425293,0.021924734115600586,0.024268388748168945,0.14098834991455078,0.050972700119018555
bapa/card/fol_0000006.smt2,1,6,4,22,0,1,0,0,0.3496363162994385,0.022243976593017578,0.023802995681762695,0.14008116722106934,0.05201554298400879
bapa/card/fol_0000007.smt2,1,6,4,24,0,1,1,0,0.35608339309692383,0.031914710998535156,0.024396419525146484,0.13441157341003418,0.05202174186706543
bapa/card/fol_0000008.smt2,1,6,4,24,0,1,1,0,0.35315489768981934,0.034049034118652344,0.023825645446777344,0.13640618324279785,0.05020952224731445
bapa/card/fol_0000009.smt2,1,6,5,35,0,2,1,0,0.47153735160827637,0.06887984275817871,0.031152725219726562,0.1938934326171875,0.06750226020812988
bapa/card/fol_0000010.smt2,1,6,4,24,0,1,1,0,0.35008907318115234,0.03290843963623047,0.023902416229248047,0.136566162109375,0.04986453056335449
bapa/card/fol_0000011.smt2,1,6,5,33,0,2,0,0,0.4542534351348877,0.05801653861999512,0.03087759017944336,0.18841838836669922,0.06834125518798828
bapa/card/fol_0000012.smt2,1,6,4,24,0,1,1,0,0.3543236255645752,0.03312969207763672,0.024828195571899414,0.13589191436767578,0.05306100845336914
bapa/card/fol_0000013.smt2,1,6,4,24,0,1,1,0,0.35852551460266113,0.03365921974182129,0.024301528930664062,0.13828325271606445,0.0524592399597168
bapa/card/fol_0000014.smt2,1,6,4,22,0,1,0,0,0.3496127128601074,0.024579763412475586,0.02428269386291504,0.13743948936462402,0.05487775802612305
bapa/card/fol_0000015.smt2,1,6,5,35,0,2,1,0,0.4644486904144287,0.06713414192199707,0.03085780143737793,0.18778133392333984,0.06889081001281738
bapa/card/fol_0000016.smt2,1,6,4,24,0,1,1,0,0.36508774757385254,0.03337383270263672,0.0233919620513916,0.14999866485595703,0.051624298095703125
bapa/card/fol_0000017.smt2,1,6,5,33,0,2,0,0,0.4776890277862549,0.05902242660522461,0.030930519104003906,0.2023918628692627,0.0711355209350586
bapa/card/fol_0000018.smt2,1,6,4,22,0,1,0,0,0.3511018753051758,0.023074865341186523,0.023675918579101562,0.14301466941833496,0.05277872085571289
bapa/card/fol_0000019.smt2,1,6,5,33,0,2,0,0,0.48166918754577637,0.05509471893310547,0.030178070068359375,0.20761322975158691,0.07601547241210938
bapa/card/fol_0000020.smt2,1,6,4,22,0,1,0,0,0.355344295501709,0.02168130874633789,0.023615121841430664,0.1428821086883545,0.05660605430603027
bapa/card/fol_0000021.smt2,0,6,1,7,1,0,0,0,0.17149996757507324,0,0.00512242317199707,0.041085004806518555,0.016290664672851562
bapa/card/fol_0000022.smt2,1,6,5,35,0,2,1,0,0.4818441867828369,0.06730508804321289,0.030672550201416016,0.19202017784118652,0.07643294334411621
bapa/card/fol_0000023.smt2,0,6,1,7,1,0,0,0,0.1730663776397705,0,0.005454540252685547,0.04096031188964844,0.016881465911865234
bapa/card/fol_0000024.smt2,2,-1,,,,,,,,,,,
bapa/card/fol_0000025.smt2,1,6,4,24,0,1,1,0,0.3414309024810791,0.032835960388183594,0.02354264259338379,0.12914657592773438,0.04943108558654785
bapa/card/fol_0000026.smt2,1,6,5,33,0,2,0,0,0.4485769271850586,0.05578327178955078,0.02967548370361328,0.1828324794769287,0.07026505470275879
bapa/card/fol_0000027.smt2,1,6,4,24,0,1,1,0,0.36128664016723633,0.0341494083404541,0.023983478546142578,0.13973736763000488,0.053488731384277344
bapa/card/fol_0000028.smt2,0,7,1,8,2,0,0,0,0.22287702560424805,0,0.0054779052734375,0.09880948066711426,0.015166521072387695
bapa/card/fol_0000029.smt2,1,7,4,22,0,1,0,0,0.4000980854034424,0.022888660430908203,0.025047779083251953,0.18140769004821777,0.05999445915222168
bapa/card/fol_0000030.smt2,0,6,1,7,1,0,0,0,0.16486668586730957,0,0.005002498626708984,0.041025638580322266,0.015099763870239258
bapa/card/fol_0000031.smt2,1,6,4,22,0,1,0,0,0.3535022735595703,0.02135467529296875,0.02393174171447754,0.14566731452941895,0.05355191230773926
bapa/card/fol_0000032.smt2,0,6,1,7,1,0,0,0,0.16689229011535645,0,0.005003452301025391,0.03903937339782715,0.015485525131225586
bapa/card/fol_0000033.smt2,1,6,4,22,0,1,0,0,0.3532083034515381,0.022008180618286133,0.022772550582885742,0.1437845230102539,0.055943965911865234
bapa/card/fol_0000034.smt2,0,6,1,7,1,0,0,0,0.16485881805419922,0,0.004989147186279297,0.0396425724029541,0.01568603515625
bapa/card/fol_0000035.smt2,1,6,4,24,0,1,1,0,0.37076234817504883,0.03169369697570801,0.023002147674560547,0.14619803428649902,0.05524015426635742
bapa/card/fol_0000036.smt2,1,6,4,24,0,1,1,0,0.3467590808868408,0.03195476531982422,0.02440667152404785,0.12383103370666504,0.04987978935241699
bapa/card/fol_0000037.smt2,1,6,4,22,0,1,0,0,0.3421456813812256,0.02154707908630371,0.02271294593811035,0.13877630233764648,0.051751136779785156
bapa/card/fol_0000038.smt2,0,6,1,7,1,0,0,0,0.16918087005615234,0,0.0059545040130615234,0.03998851776123047,0.015823841094970703
bapa/card/fol_0000039.smt2,1,6,4,22,0,1,0,0,0.3352479934692383,0.021363019943237305,0.02277517318725586,0.13235855102539062,0.05298662185668945
bapa/card/fol_0000040.smt2,0,6,1,7,1,0,0,0,0.17084598541259766,0,0.0054285526275634766,0.041074275970458984,0.01684403419494629
bapa/card/fol_0000041.smt2,1,6,4,24,0,1,1,0,0.3595895767211914,0.032393455505371094,0.023874998092651367,0.1401050090789795,0.052657127380371094
bapa/card/fol_0000042.smt2,1,6,4,22,0,1,0,0,0.3500862121582031,0.025914669036865234,0.023815631866455078,0.13771867752075195,0.04866838455200195
bapa/card/fol_0000043.smt2,1,7,3,14,0,1,0,0,0.2873997688293457,0.005403280258178711,0.018649578094482422,0.11218881607055664,0.03879141807556152
bapa/card/fol_0000044.smt2,1,6,4,22,0,1,0,0,0.3547039031982422,0.022867202758789062,0.023853302001953125,0.14323902130126953,0.05287623405456543
bapa/card/fol_0000045.smt2,0,10,1,9,2,0,0,0,0.4936716556549072,0,0.0061490535736083984,0.3561060428619385,0.016731739044189453
bapa/card/fol_0000046.smt2,2,-1,,,,,,,,,,,
bapa/card/fol_0000047.smt2,0,13,6,178,33,1,0,0,14.993003845214844,0.028696775436401367,0.05768609046936035,14.576051950454712,0.2089529037475586
bapa/card/fol_0000048.smt2,2,-1,,,,,,,,,,,
bapa/card/fol_0000049.smt2,1,16,13,161,0,4,0,1,11.229896306991577,0.9068107604980469,1.0687310695648193,6.615414142608643,2.500720262527466
bapa/card/fol_0000050.smt2,2,-1,,,,,,,,,,,
bapa/card/fol_0000051.smt2,2,-1,,,,,,,,,,,
bapa/card/fol_0000052.smt2,1,13,15,148,0,5,1,0,6.225986480712891,0.5554487705230713,0.1904890537261963,2.820355176925659,2.5305702686309814
bapa/card/fol_0000053.smt2,2,-1,,,,,,,,,,,
bapa/card/fol_0000054.smt2,2,-1,,,,,,,,,,,
bapa/card/fol_0000055.smt2,0,16,6,169,30,3,0,0,19.800553560256958,0.0799405574798584,0.06196165084838867,19.35048270225525,0.18155217170715332
bapa/card/fol_0000056.smt2,1,16,7,43,0,2,0,0,1.6064300537109375,0.08097314834594727,0.0794074535369873,0.9710378646850586,0.3471701145172119
bapa/card/fol_0000057.smt2,1,10,12,154,0,6,0,14,3.5504252910614014,0.6387753486633301,0.1401500701904297,1.1435294151306152,1.5034184455871582
bapa/card/fol_0000058.smt2,0,7,1,7,1,0,0,0,0.2307417392730713,0,0.006119966506958008,0.0987701416015625,0.01632380485534668
bapa/card/fol_0000059.smt2,0,9,1,7,1,0,0,0,0.18623924255371094,0,0.005878925323486328,0.05195474624633789,0.016501188278198242
bapa/card/fol_0000060.smt2,0,10,1,9,2,0,0,0,0.49718594551086426,0,0.006295919418334961,0.36255311965942383,0.017044544219970703
bapa/card/fol_0000061.smt2,0,10,1,9,2,0,0,0,0.28376054763793945,0,0.0062906742095947266,0.1491997241973877,0.01674365997314453
bapa/card/fol_0000062.smt2,1,10,11,109,0,4,0,2,2.7665016651153564,0.39405298233032227,0.11433291435241699,1.0290803909301758,1.1039295196533203
bapa/card/fol_0000063.smt2,0,7,1,8,2,0,0,0,0.2462446689605713,0,0.005357265472412109,0.11369872093200684,0.014672040939331055
bapa/card/fol_0000064.smt2,0,9,1,7,1,0,0,0,0.17814373970031738,0,0.005960941314697266,0.0507047176361084,0.01627206802368164
bapa/card/fol_0000065.smt2,0,10,1,9,2,0,0,0,0.49741196632385254,0,0.0063724517822265625,0.365276575088501,0.016523122787475586
bapa/card/fol_0000066.smt2,0,10,1,9,2,0,0,0,0.5175118446350098,0,0.006159782409667969,0.3779325485229492,0.017992496490478516
bapa/card/fol_0000067.smt2,0,10,1,8,2,0,0,0,0.2772331237792969,0,0.006014347076416016,0.1424410343170166,0.016288042068481445
bapa/card/fol_0000068.smt2,0,10,1,10,3,0,0,0,0.3158755302429199,0,0.00602412223815918,0.17899560928344727,0.016448259353637695
bapa/card/fol_0000069.smt2,2,-1,,,,,,,,,,,
bapa/card/fol_0000070.smt2,0,13,1,14,7,0,0,0,0.6335868835449219,0,0.006654977798461914,0.49227356910705566,0.0186614990234375
bapa/card/fol_0000071.smt2,2,-1,,,,,,,,,,,
bapa/card/fol_0000072.smt2,2,-1,,,,,,,,,,,
bapa/card/fol_0000073.smt2,2,-1,,,,,,,,,,,
bapa/card/fol_0000074.smt2,2,-1,,,,,,,,,,,
bapa/card/fol_0000075.smt2,2,-1,,,,,,,,,,,
bapa/card/fol_0000076.smt2,1,13,12,111,0,7,0,4,2.9647767543792725,0.3991701602935791,0.13457751274108887,1.522540807723999,0.7810506820678711
bapa/card/fol_0000077.smt2,2,-1,,,,,,,,,,,
bapa/card/fol_0000078.smt2,0,16,2,33,11,0,0,0,1.9052531719207764,1.2874603271484375e-05,0.016997575759887695,1.7196369171142578,0.04057931900024414
bapa/card/fol_0000079.smt2,1,16,7,43,0,2,0,0,1.6722526550292969,0.08209609985351562,0.07802891731262207,1.0228581428527832,0.3574225902557373
bapa/card/fol_0000080.smt2,2,-1,,,,,,,,,,,
bapa/card/fol_0000081.smt2,0,9,1,7,1,0,0,0,0.17992949485778809,0,0.00574803352355957,0.04888343811035156,0.017130613327026367
bapa/card/fol_0000082.smt2,2,-1,,,,,,,,,,,
bapa/card/fol_0000083.smt2,0,13,1,12,5,0,0,0,1.1407458782196045,0,0.006689310073852539,0.3086063861846924,0.02042245864868164
bapa/card/fol_0000084.smt2,2,-1,,,,,,,,,,,
bapa/card/fol_0000085.smt2,0,10,1,8,2,0,0,0,0.26555395126342773,0,0.006368160247802734,0.13296246528625488,0.01625657081604004
bapa/card/fol_0000086.smt2,0,10,1,9,2,0,0,0,0.2777721881866455,0,0.006004810333251953,0.14768123626708984,0.016384601593017578
bapa/card/fol_0000087.smt2,0,13,1,11,4,0,0,0,1.1443922519683838,0,0.006592988967895508,0.9954977035522461,0.019284486770629883
bapa/card/fol_0000088.smt2,0,13,11,548,72,4,0,0,16.884135007858276,0.2927978038787842,0.12790274620056152,15.129241704940796,1.2083303928375244
bapa/card/fol_0000089.smt2,0,13,6,172,39,1,0,0,5.688016891479492,0.020152568817138672,0.053579092025756836,5.305921316146851,0.18872904777526855
bapa/card/fol_0000090.smt2,2,-1,,,,,,,,,,,
bapa/card/fol_0000091.smt2,0,9,1,7,1,0,0,0,0.2035822868347168,0,0.006079912185668945,0.060442209243774414,0.017538785934448242
bapa/card/fol_0000092.smt2,0,13,1,13,6,0,0,0,0.45787596702575684,0,0.006587505340576172,0.31481075286865234,0.018982887268066406
bapa/card/fol_0000093.smt2,0,13,1,16,8,0,0,0,0.5429790019989014,0,0.006888151168823242,0.3982071876525879,0.02012491226196289
bapa/card/fol_0000094.smt2,0,10,1,8,2,0,0,0,0.27587270736694336,0,0.006598234176635742,0.13208580017089844,0.01701974868774414
bapa/card/fol_0000095.smt2,2,-1,,,,,,,,,,,
bapa/card/fol_0000096.smt2,2,-1,,,,,,,,,,,
bapa/card/fol_0000097.smt2,2,-1,,,,,,,,,,,
bapa/card/fol_0000098.smt2,2,-1,,,,,,,,,,,
bapa/card/fol_0000099.smt2,2,-1,,,,,,,,,,,
bapa/card/fol_0000100.smt2,2,-1,,,,,,,,,,,
bapa/card/fol_0000101.smt2,2,-1,,,,,,,,,,,
bapa/card/fol_0000102.smt2,2,-1,,,,,,,,,,,
bapa/card/fol_0000103.smt2,2,-1,,,,,,,,,,,
bapa/card/fol_0000104.smt2,2,-1,,,,,,,,,,,
bapa/card/fol_0000105.smt2,2,-1,,,,,,,,,,,
bapa/card/fol_0000106.smt2,2,-1,,,,,,,,,,,
bapa/card/fol_0000107.smt2,2,-1,,,,,,,,,,,
bapa/card/fol_0000108.smt2,2,-1,,,,,,,,,,,
bapa/card/fol_0000109.smt2,2,-1,,,,,,,,,,,
bapa/card/fol_0000110.smt2,0,10,1,9,2,0,0,0,0.4910929203033447,0,0.005858898162841797,0.35734033584594727,0.015920400619506836
bapa/card/fol_0000111.smt2,0,13,1,9,2,0,0,0,1.152416706085205,0,0.006375312805175781,1.014244556427002,0.01847982406616211
bapa/card/fol_0000112.smt2,2,-1,,,,,,,,,,,
bapa/card/fol_0000113.smt2,2,-1,,,,,,,,,,,
bapa/card/fol_0000114.smt2,0,13,1,13,6,0,0,0,0.48331594467163086,0,0.006497859954833984,0.33698415756225586,0.019346952438354492
bapa/card/fol_0000115.smt2,0,13,1,14,6,0,0,0,0.4870266914367676,0,0.0066487789154052734,0.34291791915893555,0.01981353759765625
bapa/card/fol_0000116.smt2,0,16,1,12,5,0,0,0,0.7951242923736572,0,0.007689476013183594,0.6423418521881104,0.022815465927124023
bapa/card/fol_0000117.smt2,2,-1,,,,,,,,,,,
bapa/card/fol_0000118.smt2,2,-1,,,,,,,,,,,
bapa/card/fol_0000119.smt2,0,13,13,792,82,4,0,0,25.792720794677734,0.5639827251434326,0.1569993495941162,22.863157749176025,2.0836477279663086
bapa/card/fol_0000120.smt2,0,16,4,92,30,1,0,0,4.377063989639282,0.007332801818847656,0.03914785385131836,4.105437994003296,0.0987699031829834
